z,u,v,θ,u2,v2,ε,uv,u2_sgs,v2_sgs,uv_sgs,u3_res,v3_res,p,σ
-1.8750000000e-01,1.6035348956e-02,-1.7006259165e-02,2.8314830468e+02,4.3741238727e-04,5.6100975921e-04,-9.9448940292e-07,1.0415583188e-07,1.0722891740e-06,4.2335872875e-06,1.0415583188e-07,1.2353352758e-05,-1.8696740063e-05,-4.9909082068e-04,2.8089887640e-03
-5.6250000000e-01,4.8692662123e-03,-1.6769601135e-02,2.8314833600e+02,1.7166818903e-04,5.0623928562e-04,-8.9214280623e-07,-1.2762876225e-06,3.0881488096e-07,1.2075298106e-06,-3.6658706377e-08,2.4087295495e-06,-1.6055346822e-05,-9.1748713569e-04,8.4269662921e-03
-9.3750000000e-01,3.1117202273e-03,-1.6578730230e-02,2.8314834699e+02,1.1244923932e-04,4.6802521986e-04,-3.9981227408e-07,-2.2446703918e-06,6.6552513429e-08,3.8847901332e-07,-3.9410924315e-08,1.1316390899e-06,-1.4215557030e-05,-9.8846449827e-04,1.4044943820e-02
-1.3125000000e+00,1.0398151682e-03,-1.6348247248e-02,2.8314835464e+02,8.9157390097e-05,4.3814200064e-04,-2.7741978238e-07,-3.0882284200e-06,-1.8340591170e-08,4.0660602725e-08,-6.8346129683e-08,4.4902230029e-07,-1.2813902669e-05,-1.0593445896e-03,1.9662921348e-02
-1.6875000000e+00,2.0424053588e-04,-1.6151752239e-02,2.8314835969e+02,7.5805002498e-05,4.1512744289e-04,-2.1874488671e-07,-3.8354237773e-06,-7.9943272957e-08,-5.0078495232e-08,-8.5846099314e-08,2.0870629542e-07,-1.1750154664e-05,-1.0885671569e-03,2.5280898876e-02
-2.0625000000e+00,-6.2269208636e-04,-1.5955443429e-02,2.8314836351e+02,6.9546295202e-05,3.9575054686e-04,-1.8390804256e-07,-4.4835749660e-06,-1.1879944637e-07,-1.7231112603e-08,-8.9399768540e-08,3.0391962148e-08,-1.0876352096e-05,-1.1147504289e-03,3.0898876404e-02
-2.4375000000e+00,-1.0515307840e-03,-1.5781086888e-02,2.8314836629e+02,6.4634045678e-05,3.7955886416e-04,-1.5941066901e-07,-5.0855604647e-06,-1.4606086038e-07,6.7710595460e-08,-8.1590035544e-08,-5.3773955444e-08,-1.0160504280e-05,-1.1292897658e-03,3.6516853933e-02
-2.8125000000e+00,-1.4194655592e-03,-1.5614320179e-02,2.8314836854e+02,6.1689366210e-05,3.6546811407e-04,-1.3947762073e-07,-5.6281643747e-06,-1.5795951337e-07,1.6765376216e-07,-6.6676642679e-08,-1.1831446483e-07,-9.5528772672e-06,-1.1413265003e-03,4.2134831461e-02
-3.1875000000e+00,-1.6243292793e-03,-1.5463129814e-02,2.8314837029e+02,5.8971591402e-05,3.5328026922e-04,-1.2331495529e-07,-6.1316604651e-06,-1.6129692482e-07,2.5926276272e-07,-5.0044059190e-08,-1.5078563131e-07,-9.0368882543e-06,-1.1490631944e-03,4.7752808989e-02
-3.5625000000e+00,-1.7854941871e-03,-1.5320143847e-02,2.8314837171e+02,5.6979700040e-05,3.4245057290e-04,-1.0977863708e-07,-6.5900637226e-06,-1.5699058046e-07,3.3216548281e-07,-3.3687981542e-08,-1.7402318997e-07,-8.5886262865e-06,-1.1552774354e-03,5.3370786517e-02
-3.9375000000e+00,-1.8718868919e-03,-1.5187899372e-02,2.8314837290e+02,5.5108190131e-05,3.3284463349e-04,-9.8622604843e-08,-7.0104162683e-06,-1.4845563932e-07,3.8706414719e-07,-1.8437892608e-08,-1.8420488804e-07,-8.1984883117e-06,-1.1595567382e-03,5.8988764045e-02
-4.3125000000e+00,-1.9360412066e-03,-1.5062820513e-02,2.8314837388e+02,5.3604657288e-05,3.2421478409e-04,-8.9236087566e-08,-7.3936151664e-06,-1.3696784077e-07,4.2422541334e-07,-5.7139162855e-09,-1.9111296837e-07,-7.8548609926e-06,-1.1629569310e-03,6.4606741573e-02
-4.6875000000e+00,-1.9657559438e-03,-1.4946208380e-02,2.8314837474e+02,5.2202962255e-05,3.1644354943e-04,-8.1363899085e-08,-7.7470346936e-06,-1.2436773654e-07,4.4604957334e-07,4.3992541327e-09,-1.9283331515e-07,-7.5501877703e-06,-1.1653713545e-03,7.0224719101e-02
-5.0625000000e+00,-1.9848526893e-03,-1.4835348509e-02,2.8314837548e+02,5.1031738406e-05,3.0935037094e-04,-7.4648651196e-08,-8.0711000479e-06,-1.1124510537e-07,4.5293737298e-07,1.1950994706e-08,-1.9340687018e-07,-7.2768118799e-06,-1.1672372121e-03,7.5842696629e-02
-5.4375000000e+00,-1.9871453904e-03,-1.4730750870e-02,2.8314837611e+02,4.9970685500e-05,3.0282819264e-04,-6.8907493258e-08,-8.3688997510e-06,-9.8499662643e-08,4.4845913678e-07,1.7028342420e-08,-1.9201775828e-07,-7.0292323412e-06,-1.1685296636e-03,8.1460674157e-02
-5.8125000000e+00,-1.9853893609e-03,-1.4630904179e-02,2.8314837668e+02,4.9070040553e-05,2.9678097852e-04,-6.3972078442e-08,-8.6410845293e-06,-8.5809902946e-08,4.3663747624e-07,1.9869561042e-08,-1.9054244027e-07,-6.8031672532e-06,-1.1694616341e-03,8.7078651685e-02
-6.1875000000e+00,-1.9763416124e-03,-1.4536499703e-02,2.8314837717e+02,4.8251569982e-05,2.9117944722e-04,-5.9731039503e-08,-8.8891048731e-06,-7.3595635580e-08,4.1992300589e-07,2.1546021725e-08,-1.8816405016e-07,-6.5961473210e-06,-1.1700377373e-03,9.2696629213e-02
-6.5625000000e+00,-1.9667194411e-03,-1.4445657662e-02,2.8314837762e+02,4.7537133540e-05,2.8595184867e-04,-5.6002991042e-08,-9.1135453932e-06,-6.2424607730e-08,3.9831715845e-07,2.2740454616e-08,-1.8596761278e-07,-6.4053265711e-06,-1.1703711236e-03,9.8314606742e-02
-6.9375000000e+00,-1.9542122073e-03,-1.4358964755e-02,2.8314837803e+02,4.6892085564e-05,2.8105899177e-04,-5.2699776968e-08,-9.3175346437e-06,-5.1886310299e-08,3.7359621918e-07,2.3374712223e-08,-1.8381404225e-07,-6.2284233061e-06,-1.1704692588e-03,1.0393258427e-01
-7.3125000000e+00,-1.9414359478e-03,-1.4275537643e-02,2.8314837837e+02,4.6311352465e-05,2.7646276552e-04,-4.9723610579e-08,-9.5022130399e-06,-4.1697213596e-08,3.4731982632e-07,2.3139127754e-08,-1.8182581158e-07,-6.0640691436e-06,-1.1703848305e-03,1.0955056180e-01
-7.6875000000e+00,-1.9271015077e-03,-1.4195109988e-02,2.8314837868e+02,4.5774643079e-05,2.7213478489e-04,-4.7017000657e-08,-9.6693622291e-06,-3.1646365930e-08,3.2002050727e-07,2.2349406213e-08,-1.7977652104e-07,-5.9112459131e-06,-1.1701323071e-03,1.1516853933e-01
-8.0625000000e+00,-1.9136140549e-03,-1.4116534821e-02,2.8314837895e+02,4.5296888103e-05,2.6802960739e-04,-4.4569557990e-08,-9.8198812390e-06,-2.1966388111e-08,2.9342383900e-07,2.1531224086e-08,-1.7800777596e-07,-5.7683341180e-06,-1.1697513333e-03,1.2078651685e-01
-8.4375000000e+00,-1.9013527868e-03,-1.4040204034e-02,2.8314837921e+02,4.4869802738e-05,2.6414698431e-04,-4.2329658188e-08,-9.9554306884e-06,-1.2780718076e-08,2.6700604175e-07,2.0326964007e-08,-1.7653282351e-07,-5.6347857556e-06,-1.1692626297e-03,1.2640449438e-01
-8.8125000000e+00,-1.8913950899e-03,-1.3965103799e-02,2.8314837943e+02,4.4501144082e-05,2.6042730512e-04,-4.0288181678e-08,-1.0075964258e-05,-4.0037239306e-09,2.4068322733e-07,1.8831223479e-08,-1.7547719662e-07,-5.5082986324e-06,-1.1686883394e-03,1.3202247191e-01
-9.1875000000e+00,-1.8830418547e-03,-1.3890494194e-02,2.8314837963e+02,4.4174485776e-05,2.5682980094e-04,-3.8398216543e-08,-1.0182372422e-05,4.2756022299e-09,2.1558530395e-07,1.7273269933e-08,-1.7472664103e-07,-5.3872768215e-06,-1.1680354313e-03,1.3764044944e-01
-9.5625000000e+00,-1.8769445949e-03,-1.3816342326e-02,2.8314837976e+02,4.3896806051e-05,2.5335503107e-04,-3.6650549771e-08,-1.0276683343e-05,1.2141133954e-08,1.9228880049e-07,1.5617594860e-08,-1.7434243196e-07,-5.2715299416e-06,-1.1673193591e-03,1.4325842697e-01
-9.9375000000e+00,-1.8728184377e-03,-1.3742434201e-02,2.8314837990e+02,4.3651274858e-05,2.4998476517e-04,-3.5029789909e-08,-1.0359929094e-05,1.9390889360e-08,1.7168979226e-07,1.3906265990e-08,-1.7416261269e-07,-5.1603922894e-06,-1.1665498657e-03,1.4887640449e-01
-1.0312500000e+01,-1.8709611783e-03,-1.3668639813e-02,2.8314838000e+02,4.3441585358e-05,2.4671952317e-04,-3.3519399726e-08,-1.0432695887e-05,2.5900564243e-08,1.5304535407e-07,1.1904508904e-08,-1.7418987145e-07,-5.0540476905e-06,-1.1657390157e-03,1.5449438202e-01
-1.0687500000e+01,-1.8707415230e-03,-1.3594779725e-02,2.8314838006e+02,4.3253817187e-05,2.4354545493e-04,-3.2118180866e-08,-1.0495603185e-05,3.1424698634e-08,1.3620555594e-07,9.7703498132e-09,-1.7440595529e-07,-4.9519890222e-06,-1.1648917520e-03,1.6011235955e-01
-1.1062500000e+01,-1.8714406864e-03,-1.3520263129e-02,2.8314838010e+02,4.3092877058e-05,2.4044473866e-04,-3.0805602050e-08,-1.0549201218e-05,3.6355758213e-08,1.2106126872e-07,8.0386914625e-09,-1.7481987173e-07,-4.8534394087e-06,-1.1640108345e-03,1.6573033708e-01
-1.1437500000e+01,-1.8729948843e-03,-1.3445411885e-02,2.8314838012e+02,4.2955470628e-05,2.3742487527e-04,-2.9561782196e-08,-1.0594404131e-05,4.0990221910e-08,1.0709708501e-07,6.6488858741e-09,-1.7539268975e-07,-4.7586900179e-06,-1.1631027720e-03,1.7134831461e-01
-1.1812500000e+01,-1.8758710758e-03,-1.3370688560e-02,2.8314838011e+02,4.2845772814e-05,2.3449781775e-04,-2.8400292323e-08,-1.0631820804e-05,4.5048254932e-08,9.4691389744e-08,5.7771392921e-09,-1.7610786006e-07,-4.6680457974e-06,-1.1621753413e-03,1.7696629213e-01
-1.2187500000e+01,-1.8797116965e-03,-1.3295339108e-02,2.8314838003e+02,4.2763689909e-05,2.3163410219e-04,-2.7309903284e-08,-1.0661525547e-05,4.9098181927e-08,8.3184931407e-08,5.3234510549e-09,-1.7698521987e-07,-4.5806267465e-06,-1.1612314103e-03,1.8258426966e-01
-1.2562500000e+01,-1.8844928536e-03,-1.3219467867e-02,2.8314837999e+02,4.2696236871e-05,2.2883041437e-04,-2.6278870184e-08,-1.0684029516e-05,5.3167018094e-08,7.2277069129e-08,5.2345683153e-09,-1.7807045241e-07,-4.4961777712e-06,-1.1602746969e-03,1.8820224719e-01
-1.2937500000e+01,-1.8907252966e-03,-1.3143310640e-02,2.8314837990e+02,4.2646893344e-05,2.2608215295e-04,-2.5313745782e-08,-1.0700296325e-05,5.6477331561e-08,6.2163021831e-08,5.0095210293e-09,-1.7945829436e-07,-4.4145171207e-06,-1.1593111842e-03,1.9382022472e-01
-1.3312500000e+01,-1.8978187564e-03,-1.3066840380e-02,2.8314837977e+02,4.2610957170e-05,2.2338333864e-04,-2.4397408286e-08,-1.0711199811e-05,5.8651233276e-08,5.3022749106e-08,4.3412568611e-09,-1.8102817157e-07,-4.3353752865e-06,-1.1583427266e-03,1.9943820225e-01
-1.3687500000e+01,-1.9060699726e-03,-1.2990220020e-02,2.8314837959e+02,4.2583518878e-05,2.2073608130e-04,-2.3538329202e-08,-1.0716663819e-05,6.0167864137e-08,4.5593736616e-08,3.4123968807e-09,-1.8280435815e-07,-4.2587057417e-06,-1.1573711728e-03,2.0505617978e-01
-1.4062500000e+01,-1.9154643850e-03,-1.2913407196e-02,2.8314837941e+02,4.2558444025e-05,2.1813543119e-04,-2.2728138872e-08,-1.0716912945e-05,6.1553189842e-08,3.9295083616e-08,2.4647603682e-09,-1.8462652893e-07,-4.1843145976e-06,-1.1563983495e-03,2.1067415730e-01
-1.4437500000e+01,-1.9262404342e-03,-1.2835822107e-02,2.8314837922e+02,4.2536407149e-05,2.1555868326e-04,-2.1975715475e-08,-1.0712307808e-05,6.2991805712e-08,3.3884857083e-08,1.7528578133e-09,-1.8647557485e-07,-4.1113537708e-06,-1.1554269233e-03,2.1629213483e-01
-1.4812500000e+01,-1.9384726317e-03,-1.2757156080e-02,2.8314837898e+02,4.2520472268e-05,2.1299657907e-04,-2.1262188467e-08,-1.0703371865e-05,6.4115230391e-08,2.9582411321e-08,1.1810369983e-09,-1.8836627873e-07,-4.0395476240e-06,-1.1544593237e-03,2.2191011236e-01
-1.5187500000e+01,-1.9522116400e-03,-1.2677702381e-02,2.8314837872e+02,4.2516963308e-05,2.1045301473e-04,-2.0590987229e-08,-1.0690878105e-05,6.4842238038e-08,2.6048608379e-08,5.1294149339e-10,-1.9033933369e-07,-3.9689698591e-06,-1.1534974197e-03,2.2752808989e-01
-1.5562500000e+01,-1.9673142842e-03,-1.2597552023e-02,2.8314837846e+02,4.2522872354e-05,2.0792944710e-04,-1.9965398054e-08,-1.0674795136e-05,6.5664023794e-08,2.2878505547e-08,-1.8397695411e-10,-1.9242539463e-07,-3.8996272644e-06,-1.1525415926e-03,2.3314606742e-01
-1.5937500000e+01,-1.9839998812e-03,-1.2517100566e-02,2.8314837816e+02,4.2536983680e-05,2.0544048515e-04,-1.9373734498e-08,-1.0655093011e-05,6.6490585870e-08,1.9907775442e-08,-8.7258824438e-10,-1.9467484931e-07,-3.8319575403e-06,-1.1515931443e-03,2.3876404494e-01
-1.6312500000e+01,-2.0012996976e-03,-1.2435838846e-02,2.8314837779e+02,4.2548796371e-05,2.0296662598e-04,-1.8809611258e-08,-1.0632058357e-05,6.7455828756e-08,1.7034037509e-08,-1.5587955544e-09,-1.9687290998e-07,-3.7652258722e-06,-1.1506509350e-03,2.4438202247e-01
-1.6687500000e+01,-2.0192072280e-03,-1.2353650520e-02,2.8314837744e+02,4.2558596546e-05,2.0050586699e-04,-1.8264761904e-08,-1.0605940115e-05,6.8432901854e-08,1.4173041213e-08,-2.3857345323e-09,-1.9905378799e-07,-3.6995307991e-06,-1.1497157896e-03,2.5000000000e-01
-1.7062500000e+01,-2.0376918144e-03,-1.2270108293e-02,2.8314837705e+02,4.2563602778e-05,1.9804366106e-04,-1.7747281710e-08,-1.0576472856e-05,6.9036782100e-08,1.1628946412e-08,-3.1139164364e-09,-2.0119337934e-07,-3.6343649573e-06,-1.1487887651e-03,2.5561797753e-01
-1.7437500000e+01,-2.0566551532e-03,-1.2185387862e-02,2.8314837662e+02,4.2561711903e-05,1.9558158657e-04,-1.7262658894e-08,-1.0544145756e-05,6.9213093878e-08,9.6836360824e-09,-3.6763720615e-09,-2.0337141309e-07,-3.5698659563e-06,-1.1478702904e-03,2.6123595506e-01
-1.7812500000e+01,-2.0764492044e-03,-1.2099685100e-02,2.8314837617e+02,4.2555804465e-05,1.9312482672e-04,-1.6801688513e-08,-1.0509704441e-05,6.8961360403e-08,8.1208217881e-09,-4.3915000958e-09,-2.0555966961e-07,-3.5060762706e-06,-1.1469612936e-03,2.6685393258e-01
-1.8187500000e+01,-2.0968564864e-03,-1.2012931775e-02,2.8314837568e+02,4.2549079208e-05,1.9067292235e-04,-1.6368796751e-08,-1.0472869833e-05,6.8562978311e-08,6.8511759777e-09,-5.1029371773e-09,-2.0776495746e-07,-3.4429775209e-06,-1.1460613883e-03,2.7247191011e-01
-1.8562500000e+01,-2.1180928231e-03,-1.1924480500e-02,2.8314837517e+02,4.2545939124e-05,1.8820933249e-04,-1.5956419260e-08,-1.0433917035e-05,6.8431709474e-08,5.6577868706e-09,-5.9615431339e-09,-2.1005148394e-07,-3.3801499508e-06,-1.1451706145e-03,2.7808988764e-01
-1.8937500000e+01,-2.1401804849e-03,-1.1834941277e-02,2.8314837462e+02,4.2550211110e-05,1.8574770524e-04,-1.5553659628e-08,-1.0392912498e-05,6.8662117139e-08,4.2736086461e-09,-6.9075472998e-09,-2.1244362994e-07,-3.3178820700e-06,-1.1442887448e-03,2.8370786517e-01
-1.9312500000e+01,-2.1632810510e-03,-1.1744337603e-02,2.8314837402e+02,4.2555815165e-05,1.8328628518e-04,-1.5174479888e-08,-1.0349532783e-05,6.8794197186e-08,3.0329151122e-09,-7.6028107613e-09,-2.1494430215e-07,-3.2560702597e-06,-1.1434161051e-03,2.8932584270e-01
-1.9687500000e+01,-2.1869416034e-03,-1.1653214751e-02,2.8314837337e+02,4.2558105412e-05,1.8084486316e-04,-1.4807060585e-08,-1.0304318148e-05,6.8452398219e-08,2.1375701429e-09,-8.0808432491e-09,-2.1745307458e-07,-3.1953721794e-06,-1.1425528588e-03,2.9494382022e-01
-2.0062500000e+01,-2.2109713788e-03,-1.1561541977e-02,2.8314837272e+02,4.2562136869e-05,1.7841848802e-04,-1.4451028720e-08,-1.0257445873e-05,6.7926151022e-08,1.5913691172e-09,-8.4318111158e-09,-2.1994512997e-07,-3.1355272510e-06,-1.1416992923e-03,3.0056179775e-01
-2.0437500000e+01,-2.2357215581e-03,-1.1468961192e-02,2.8314837203e+02,4.2570910096e-05,1.7599238382e-04,-1.4098918052e-08,-1.0208929099e-05,6.7393716159e-08,1.2070105458e-09,-8.6788298112e-09,-2.2244250684e-07,-3.0760941207e-06,-1.1408571743e-03,3.0617977528e-01
-2.0812500000e+01,-2.2611350252e-03,-1.1374927391e-02,2.8314837130e+02,4.2586145857e-05,1.7355085605e-04,-1.3762231854e-08,-1.0158841518e-05,6.6749889681e-08,6.7413623295e-10,-8.8220145561e-09,-2.2499039202e-07,-3.0165970784e-06,-1.1400278651e-03,3.1179775281e-01
-2.1187500000e+01,-2.2870523153e-03,-1.1280036820e-02,2.8314837053e+02,4.2605851702e-05,1.7110660103e-04,-1.3443415944e-08,-1.0107484520e-05,6.5915577888e-08,3.0228206426e-10,-8.8812157100e-09,-2.2757241752e-07,-2.9573433552e-06,-1.1392113596e-03,3.1741573034e-01
-2.1562500000e+01,-2.3136887041e-03,-1.1184888811e-02,2.8314836976e+02,4.2631013076e-05,1.6868123911e-04,-1.3137143702e-08,-1.0054864909e-05,6.5053243190e-08,1.3115975278e-10,-9.1355931658e-09,-2.3019432220e-07,-2.8990213050e-06,-1.1384069034e-03,3.2303370787e-01
-2.1937500000e+01,-2.3407659096e-03,-1.1089123618e-02,2.8314836891e+02,4.2653686608e-05,1.6626135387e-04,-1.2846925531e-08,-1.0000654086e-05,6.4283703981e-08,1.3374719001e-10,-9.4312756927e-09,-2.3279913286e-07,-2.8412108150e-06,-1.1376136470e-03,3.2865168539e-01
-2.2312500000e+01,-2.3686345221e-03,-1.0992991927e-02,2.8314836803e+02,4.2678898209e-05,1.6385159805e-04,-1.2565993212e-08,-9.9448875487e-06,6.3208928903e-08,3.2963937372e-10,-9.5696969171e-09,-2.3544711406e-07,-2.7839421697e-06,-1.1368318401e-03,3.3426966292e-01
-2.2687500000e+01,-2.3972076131e-03,-1.0896853556e-02,2.8314836715e+02,4.2705039555e-05,1.6145752744e-04,-1.2297346698e-08,-9.8880141401e-06,6.1836341649e-08,5.0354007867e-10,-9.6881057553e-09,-2.3823198552e-07,-2.7273073970e-06,-1.1360611690e-03,3.3988764045e-01
-2.3062500000e+01,-2.4264390261e-03,-1.0800561392e-02,2.8314836620e+02,4.2728397179e-05,1.5907997753e-04,-1.2037316667e-08,-9.8298007397e-06,6.0847887476e-08,7.5326364961e-10,-9.7599094466e-09,-2.4112178704e-07,-2.6714093251e-06,-1.1353005421e-03,3.4550561798e-01
-2.3437500000e+01,-2.4557614508e-03,-1.0703930919e-02,2.8314836521e+02,4.2749691365e-05,1.5671117835e-04,-1.1781551730e-08,-9.7702112562e-06,6.0089667600e-08,7.9032345525e-10,-9.8660698521e-09,-2.4405448759e-07,-2.6160784199e-06,-1.1345502851e-03,3.5112359551e-01
-2.3812500000e+01,-2.4850327008e-03,-1.0607476378e-02,2.8314836418e+02,4.2771547749e-05,1.5435935958e-04,-1.1536477699e-08,-9.7094340135e-06,5.9374325507e-08,7.5923995644e-10,-9.9702143357e-09,-2.4701214366e-07,-2.5614266134e-06,-1.1338101616e-03,3.5674157303e-01
-2.4187500000e+01,-2.5143624514e-03,-1.0511254069e-02,2.8314836310e+02,4.2795123896e-05,1.5202635946e-04,-1.1297902218e-08,-9.6472298543e-06,5.8742493637e-08,7.9687719507e-10,-1.0006943166e-08,-2.4995064083e-07,-2.5074674659e-06,-1.1330801681e-03,3.6235955056e-01
-2.4562500000e+01,-2.5437058954e-03,-1.0415110783e-02,2.8314836198e+02,4.2819531607e-05,1.4970965122e-04,-1.1065301200e-08,-9.5838537873e-06,5.8013281244e-08,7.8884255199e-10,-1.0141421878e-08,-2.5284273649e-07,-2.4541895397e-06,-1.1323610779e-03,3.6797752809e-01
-2.4937500000e+01,-2.5723686949e-03,-1.0319446493e-02,2.8314836081e+02,4.2835515376e-05,1.4741913054e-04,-1.0840113819e-08,-9.5194816717e-06,5.6896917635e-08,1.0191269373e-09,-1.0306311793e-08,-2.5556290362e-07,-2.4018230702e-06,-1.1316526671e-03,3.7359550562e-01
-2.5312500000e+01,-2.6007749875e-03,-1.0223890901e-02,2.8314835957e+02,4.2846136081e-05,1.4515187557e-04,-1.0623071899e-08,-9.4540066937e-06,5.5530512555e-08,1.2816365383e-09,-1.0506025173e-08,-2.5815010621e-07,-2.3503936813e-06,-1.1309543187e-03,3.7921348315e-01
-2.5687500000e+01,-2.6287474871e-03,-1.0127995043e-02,2.8314835829e+02,4.2855597639e-05,1.4289526917e-04,-1.0410887953e-08,-9.3876856224e-06,5.4297953183e-08,1.4764817044e-09,-1.0636284560e-08,-2.6062498566e-07,-2.2995869436e-06,-1.1302650650e-03,3.8483146067e-01
-2.6062500000e+01,-2.6564951604e-03,-1.0032279011e-02,2.8314835695e+02,4.2861230930e-05,1.4065835486e-04,-1.0200742936e-08,-9.3204377085e-06,5.3064513567e-08,1.6628652585e-09,-1.0677074022e-08,-2.6298369064e-07,-2.2495639720e-06,-1.1295850098e-03,3.9044943820e-01
-2.6437500000e+01,-2.6839576563e-03,-9.9365279004e-03,2.8314835556e+02,4.2866397010e-05,1.3843868440e-04,-9.9902358140e-09,-9.2525061379e-06,5.1762407522e-08,1.8478772561e-09,-1.0857495583e-08,-2.6530598240e-07,-2.2003111001e-06,-1.1289145370e-03,3.9606741573e-01
-2.6812500000e+01,-2.7112887934e-03,-9.8416099718e-03,2.8314835410e+02,4.2865195875e-05,1.3626054282e-04,-9.7863184457e-09,-9.1843444478e-06,5.0647440259e-08,2.3216715195e-09,-1.1039175673e-08,-2.6756341912e-07,-2.1523465195e-06,-1.1282530577e-03,4.0168539326e-01
-2.7187500000e+01,-2.7387874300e-03,-9.7467433848e-03,2.8314835257e+02,4.2861066324e-05,1.3410584773e-04,-9.5912418121e-09,-9.1152788987e-06,4.9523334024e-08,2.8500256199e-09,-1.0949954101e-08,-2.6982468382e-07,-2.1052865018e-06,-1.1276005037e-03,4.0730337079e-01
-2.7562500000e+01,-2.7669013333e-03,-9.6518893667e-03,2.8314835101e+02,4.2855252105e-05,1.3197570116e-04,-9.4052012265e-09,-9.0451907049e-06,4.8314636502e-08,3.2481950654e-09,-1.0651786164e-08,-2.7214839307e-07,-2.0591336462e-06,-1.1269572897e-03,4.1292134831e-01
-2.7937500000e+01,-2.7956517533e-03,-9.5568252494e-03,2.8314834935e+02,4.2852300432e-05,1.2985349320e-04,-9.2275207553e-09,-8.9741804054e-06,4.7321041339e-08,3.6785593633e-09,-1.0448166368e-08,-2.7451954147e-07,-2.0134236787e-06,-1.1263231605e-03,4.1853932584e-01
-2.8312500000e+01,-2.8248226040e-03,-9.4610270316e-03,2.8314834762e+02,4.2851758529e-05,1.2773375025e-04,-9.0499896667e-09,-8.9024860394e-06,4.6533313805e-08,4.0266734231e-09,-1.0409684674e-08,-2.7690624585e-07,-1.9680401575e-06,-1.1256980275e-03,4.2415730337e-01
-2.8687500000e+01,-2.8543053828e-03,-9.3648148782e-03,2.8314834582e+02,4.2848753658e-05,1.2561670961e-04,-8.8753419491e-09,-8.8302507004e-06,4.5660342977e-08,4.4260651515e-09,-1.0397012744e-08,-2.7935927995e-07,-1.9229443589e-06,-1.1250818955e-03,4.2977528090e-01
-2.9062500000e+01,-2.8839343747e-03,-9.2681498814e-03,2.8314834394e+02,4.2850872616e-05,1.2350235330e-04,-8.7050447731e-09,-8.7571508168e-06,4.4461327531e-08,4.7354322258e-09,-1.0213912652e-08,-2.8196312088e-07,-1.8780852905e-06,-1.1244751676e-03,4.3539325843e-01
-2.9437500000e+01,-2.9132225985e-03,-9.1712081506e-03,2.8314834200e+02,4.2854948163e-05,1.2140184780e-04,-8.5368616185e-09,-8.6835304480e-06,4.3235374981e-08,4.9162135576e-09,-1.0030968784e-08,-2.8465820463e-07,-1.8338259410e-06,-1.1238772733e-03,4.4101123596e-01
-2.9812500000e+01,-2.9419496129e-03,-9.0741084593e-03,2.8314833998e+02,4.2859981685e-05,1.1931741100e-04,-8.3694422100e-09,-8.6094806172e-06,4.2308860158e-08,5.0507387718e-09,-9.9457091703e-09,-2.8731874099e-07,-1.7901848460e-06,-1.1232872013e-03,4.4662921348e-01
-3.0187500000e+01,-2.9700834259e-03,-8.9768313517e-03,2.8314833786e+02,4.2858384712e-05,1.1724913981e-04,-8.2062099234e-09,-8.5347540045e-06,4.1558450258e-08,5.2179794532e-09,-9.6082282582e-09,-2.8992371233e-07,-1.7471650745e-06,-1.1227046701e-03,4.5224719101e-01
-3.0562500000e+01,-2.9980244847e-03,-8.8796447260e-03,2.8314833570e+02,4.2850372463e-05,1.1519722578e-04,-8.0553577651e-09,-8.4593425728e-06,4.0777275129e-08,5.5886538348e-09,-9.1833393518e-09,-2.9245835890e-07,-1.7047484042e-06,-1.1221299904e-03,4.5786516854e-01
-3.0937500000e+01,-3.0260865832e-03,-8.7820334371e-03,2.8314833344e+02,4.2838894093e-05,1.1314892623e-04,-7.9106524053e-09,-8.3835738241e-06,3.9997021394e-08,5.9629230304e-09,-9.0429585726e-09,-2.9490819672e-07,-1.6626956913e-06,-1.1215634996e-03,4.6348314607e-01
-3.1312500000e+01,-3.0542545624e-03,-8.6840944780e-03,2.8314833110e+02,4.2824306198e-05,1.1110774435e-04,-7.7679718447e-09,-8.3078235045e-06,3.9145656929e-08,6.5809101812e-09,-9.2432511296e-09,-2.9728855841e-07,-1.6210414373e-06,-1.1210049729e-03,4.6910112360e-01
-3.1687500000e+01,-3.0825735943e-03,-8.5857151274e-03,2.8314832867e+02,4.2806785306e-05,1.0907277119e-04,-7.6269516403e-09,-8.2320183996e-06,3.8166279544e-08,7.2080104749e-09,-9.7207329662e-09,-2.9960848926e-07,-1.5797965285e-06,-1.1204546045e-03,4.7471910112e-01
-3.2062500000e+01,-3.1109551714e-03,-8.4868077554e-03,2.8314832618e+02,4.2789666159e-05,1.0704606823e-04,-7.4847332892e-09,-8.1559876791e-06,3.7183420220e-08,7.4682351517e-09,-1.0304436634e-08,-3.0192137172e-07,-1.5391022713e-06,-1.1199128006e-03,4.8033707865e-01
-3.2437500000e+01,-3.1391836525e-03,-8.3874857030e-03,2.8314832357e+02,4.2768139386e-05,1.0503252368e-04,-7.3446602308e-09,-8.0796627222e-06,3.6405826538e-08,7.7335021987e-09,-1.0765524754e-08,-3.0414961345e-07,-1.4990588840e-06,-1.1193792697e-03,4.8595505618e-01
-3.2812500000e+01,-3.1671117375e-03,-8.2884030094e-03,2.8314832090e+02,4.2742962796e-05,1.0304013521e-04,-7.2060867891e-09,-8.0030759792e-06,3.5787443772e-08,7.9468659923e-09,-1.1048847521e-08,-3.0633993430e-07,-1.4598184551e-06,-1.1188539582e-03,4.9157303371e-01
-3.3187500000e+01,-3.1948813295e-03,-8.1898162510e-03,2.8314831811e+02,4.2709115021e-05,1.0108095026e-04,-7.0730443314e-09,-7.9262081773e-06,3.5322009017e-08,8.1023173046e-09,-1.1140984901e-08,-3.0839003175e-07,-1.4216230829e-06,-1.1183369043e-03,4.9719101124e-01
-3.3562500000e+01,-3.2227450433e-03,-8.0913950509e-03,2.8314831523e+02,4.2673672596e-05,9.9147348908e-05,-6.9445651885e-09,-7.8486998857e-06,3.4949498439e-08,8.2507073972e-09,-1.0997131632e-08,-3.1034991769e-07,-1.3842905658e-06,-1.1178281845e-03,5.0280898876e-01
-3.3937500000e+01,-3.2509050523e-03,-7.9931143467e-03,2.8314831223e+02,4.2638268061e-05,9.7244326589e-05,-6.8186679419e-09,-7.7701883617e-06,3.4534054786e-08,8.2505565948e-09,-1.0677513295e-08,-3.1226149817e-07,-1.3479481186e-06,-1.1173279231e-03,5.0842696629e-01
-3.4312500000e+01,-3.2789968221e-03,-7.8951812643e-03,2.8314830914e+02,4.2609401798e-05,9.5373224368e-05,-6.6958219031e-09,-7.6908066692e-06,3.4134019662e-08,8.3745315381e-09,-1.0294986626e-08,-3.1413565991e-07,-1.3125589329e-06,-1.1168352878e-03,5.1404494382e-01
-3.4687500000e+01,-3.3073712677e-03,-7.7971261743e-03,2.8314830591e+02,4.2585277782e-05,9.3523962113e-05,-6.5724909007e-09,-7.6109805364e-06,3.3617939140e-08,8.3772030581e-09,-9.8959084621e-09,-3.1604359785e-07,-1.2778332156e-06,-1.1163502726e-03,5.1966292135e-01
-3.5062500000e+01,-3.3358811845e-03,-7.6986173453e-03,2.8314830260e+02,4.2560952908e-05,9.1687684110e-05,-6.4526348283e-09,-7.5309374924e-06,3.2977768079e-08,8.2975237241e-09,-9.5450131510e-09,-3.1793030846e-07,-1.2435422425e-06,-1.1158724962e-03,5.2528089888e-01
-3.5437500000e+01,-3.3639859946e-03,-7.6000297247e-03,2.8314829916e+02,4.2531294698e-05,8.9870507912e-05,-6.3379951843e-09,-7.4505236238e-06,3.2403481424e-08,8.2725964965e-09,-9.2382232095e-09,-3.1971921909e-07,-1.2099738027e-06,-1.1154014203e-03,5.3089887640e-01
-3.5812500000e+01,-3.3916018789e-03,-7.5011376660e-03,2.8314829559e+02,4.2496003963e-05,8.8070676288e-05,-6.2245727510e-09,-7.3693961932e-06,3.1818688547e-08,8.1171312392e-09,-8.9426977838e-09,-3.2134156379e-07,-1.1769863539e-06,-1.1149375165e-03,5.3651685393e-01
-3.6187500000e+01,-3.4187741616e-03,-7.4020748745e-03,2.8314829192e+02,4.2460410636e-05,8.6285114508e-05,-6.1169420735e-09,-7.2876743764e-06,3.1235046335e-08,8.1269379173e-09,-8.6734814265e-09,-3.2284512534e-07,-1.1445402233e-06,-1.1144805682e-03,5.4213483146e-01
-3.6562500000e+01,-3.4455082698e-03,-7.3026926994e-03,2.8314828809e+02,4.2422037548e-05,8.4516848540e-05,-6.0101684385e-09,-7.2053565956e-06,3.0577069980e-08,8.2387282030e-09,-8.5355390398e-09,-3.2418319351e-07,-1.1127169719e-06,-1.1140308935e-03,5.4775280899e-01
-3.6937500000e+01,-3.4719825053e-03,-7.2032394046e-03,2.8314828410e+02,4.2379046757e-05,8.2769967368e-05,-5.9016355321e-09,-7.1225038269e-06,2.9793760876e-08,8.3975271255e-09,-8.4551867657e-09,-3.2535525967e-07,-1.0815810305e-06,-1.1135887575e-03,5.5337078652e-01
-3.7312500000e+01,-3.4988605870e-03,-7.1038180291e-03,2.8314827998e+02,4.2339598038e-05,8.1043557796e-05,-5.7935603694e-09,-7.0391238321e-06,2.8858946369e-08,8.5826576387e-09,-8.3728425478e-09,-3.2651788541e-07,-1.0510831262e-06,-1.1131542566e-03,5.5898876404e-01
-3.7687500000e+01,-3.5261636677e-03,-7.0044377234e-03,2.8314827571e+02,4.2300975644e-05,7.9335949539e-05,-5.6881517954e-09,-6.9552387612e-06,2.7889227140e-08,8.7381089233e-09,-8.3568432994e-09,-3.2766953202e-07,-1.0211914075e-06,-1.1127274101e-03,5.6460674157e-01
-3.8062500000e+01,-3.5535962800e-03,-6.9052889941e-03,2.8314827129e+02,4.2259930038e-05,7.7652743765e-05,-5.5864017757e-09,-6.8706288087e-06,2.7125987893e-08,8.9363631591e-09,-8.3413477732e-09,-3.2872907504e-07,-9.9204204213e-07,-1.1123076861e-03,5.7022471910e-01
-3.8437500000e+01,-3.5812442642e-03,-6.8058670927e-03,2.8314826668e+02,4.2212924884e-05,7.5990827897e-05,-5.4852168979e-09,-6.7850041530e-06,2.6538965909e-08,9.1134194246e-09,-8.2559579296e-09,-3.2968547236e-07,-9.6355203693e-07,-1.1118946186e-03,5.7584269663e-01
-3.8812500000e+01,-3.6089758649e-03,-6.7066410271e-03,2.8314826192e+02,4.2161876845e-05,7.4350437072e-05,-5.3880093744e-09,-6.6985301659e-06,2.6158387370e-08,9.1647814228e-09,-8.1792461807e-09,-3.3058908560e-07,-9.3562053049e-07,-1.1114879711e-03,5.8146067416e-01
-3.9187500000e+01,-3.6369462347e-03,-6.6071679122e-03,2.8314825701e+02,4.2111079995e-05,7.2726537985e-05,-5.2908783738e-09,-6.6111813907e-06,2.5928164884e-08,9.0747479612e-09,-8.1175497408e-09,-3.3155233129e-07,-9.0814442772e-07,-1.1110870162e-03,5.8707865169e-01
-3.9562500000e+01,-3.6653480158e-03,-6.5073337352e-03,2.8314825188e+02,4.2067084738e-05,7.1118463788e-05,-5.1940066986e-09,-6.5231963830e-06,2.5441454687e-08,8.9361668652e-09,-8.1592864062e-09,-3.3272133317e-07,-8.8110229451e-07,-1.1106911497e-03,5.9269662921e-01
-3.9937500000e+01,-3.6939669309e-03,-6.4075861563e-03,2.8314824655e+02,4.2024669950e-05,6.9534633910e-05,-5.1021551851e-09,-6.4346697367e-06,2.4897991037e-08,8.7625685792e-09,-8.2169966907e-09,-3.3392612572e-07,-8.5462558366e-07,-1.1102996357e-03,5.9831460674e-01
-4.0312500000e+01,-3.7223726093e-03,-6.3077352535e-03,2.8314824101e+02,4.1980272907e-05,6.7970196810e-05,-5.0123950151e-09,-6.3454995243e-06,2.4238321163e-08,8.5439149042e-09,-8.2136492931e-09,-3.3515359351e-07,-8.2857401630e-07,-1.1099120351e-03,6.0393258427e-01
-4.0687500000e+01,-3.7506661591e-03,-6.2074203324e-03,2.8314823522e+02,4.1935422390e-05,6.6417239163e-05,-4.9252575518e-09,-6.2555870571e-06,2.3409395255e-08,8.4870729371e-09,-8.1980151860e-09,-3.3638951261e-07,-8.0289919935e-07,-1.1095280400e-03,6.0955056180e-01
-4.1062500000e+01,-3.7783750953e-03,-6.1069584973e-03,2.8314822919e+02,4.1887227303e-05,6.4884060547e-05,-4.8374627407e-09,-6.1648483509e-06,2.2704367671e-08,8.5029109276e-09,-8.1327253909e-09,-3.3753478130e-07,-7.7775417024e-07,-1.1091473450e-03,6.1516853933e-01
-4.1437500000e+01,-3.8058058436e-03,-6.0059845581e-03,2.8314822288e+02,4.1839406047e-05,6.3370364530e-05,-4.7493427170e-09,-6.0729068222e-06,2.2121708388e-08,8.4731986457e-09,-7.8563575133e-09,-3.3862936055e-07,-7.5318481836e-07,-1.1087694424e-03,6.2078651685e-01
-4.1812500000e+01,-3.8332187036e-03,-5.9048286300e-03,2.8314821631e+02,4.1790745306e-05,6.1878969367e-05,-4.6664630412e-09,-5.9801023146e-06,2.1673186131e-08,8.5346250108e-09,-7.6414722868e-09,-3.3970571826e-07,-7.2918809353e-07,-1.1083938773e-03,6.2640449438e-01
-4.2187500000e+01,-3.8601254743e-03,-5.8032970632e-03,2.8314820944e+02,4.1733026748e-05,6.0411159132e-05,-4.5840777289e-09,-5.8864735208e-06,2.1250474983e-08,8.6538812933e-09,-7.5564729827e-09,-3.4065179780e-07,-7.0580550768e-07,-1.1080206083e-03,6.3202247191e-01
-4.2562500000e+01,-3.8864012676e-03,-5.7011752479e-03,2.8314820224e+02,4.1676056812e-05,5.8958238237e-05,-4.5013717314e-09,-5.7918442287e-06,2.0873627452e-08,8.5561364485e-09,-7.4879617049e-09,-3.4156810702e-07,-6.8281722283e-07,-1.1076497178e-03,6.3764044944e-01
-4.2937500000e+01,-3.9117479477e-03,-5.5984939208e-03,2.8314819469e+02,4.1616075822e-05,5.7523509459e-05,-4.4193317339e-09,-5.6962279741e-06,2.0528623955e-08,8.2448401795e-09,-7.3184511776e-09,-3.4236992435e-07,-6.6029617222e-07,-1.1072813227e-03,6.4325842697e-01
-4.3312500000e+01,-3.9367783868e-03,-5.4948021380e-03,2.8314818684e+02,4.1550576211e-05,5.6103602384e-05,-4.3397332589e-09,-5.5997556851e-06,2.0103196355e-08,7.8867627689e-09,-7.1640490769e-09,-3.4306312640e-07,-6.3818035174e-07,-1.1069153561e-03,6.4887640449e-01
-4.3687500000e+01,-3.9610508165e-03,-5.3905055903e-03,2.8314817861e+02,4.1474265086e-05,5.4700511240e-05,-4.2627701570e-09,-5.5024761497e-06,1.9739209106e-08,7.6856474157e-09,-7.0218519665e-09,-3.4358285102e-07,-6.1649839699e-07,-1.1065514038e-03,6.5449438202e-01
-4.4062500000e+01,-3.9850678983e-03,-5.2856852069e-03,2.8314816997e+02,4.1390163396e-05,5.3316413716e-05,-4.1844950021e-09,-5.4046288839e-06,1.9283585921e-08,7.5936204460e-09,-6.9873701589e-09,-3.4399693022e-07,-5.9525025898e-07,-1.1061894624e-03,6.6011235955e-01
-4.4437500000e+01,-4.0084118854e-03,-5.1806837033e-03,2.8314816087e+02,4.1294421357e-05,5.1954193490e-05,-4.1076532749e-09,-5.3061865984e-06,1.8638433595e-08,7.6588182022e-09,-7.0174354717e-09,-3.4426185859e-07,-5.7444269689e-07,-1.1058292519e-03,6.6573033708e-01
-4.4812500000e+01,-4.0309146732e-03,-5.0750540439e-03,2.8314815127e+02,4.1180690638e-05,5.0604024134e-05,-4.0305095787e-09,-5.2068759492e-06,1.7858012072e-08,7.8235294173e-09,-7.0638131681e-09,-3.4427637763e-07,-5.5393437113e-07,-1.1054701286e-03,6.7134831461e-01
-4.5187500000e+01,-4.0528117565e-03,-4.9684797845e-03,2.8314814112e+02,4.1057594793e-05,4.9262475952e-05,-3.9520758247e-09,-5.1069345719e-06,1.7060601538e-08,7.8289795436e-09,-7.1095489047e-09,-3.4412852133e-07,-5.3369454058e-07,-1.1051114036e-03,6.7696629213e-01
-4.5562500000e+01,-4.0742978883e-03,-4.8611471321e-03,2.8314813045e+02,4.0928880491e-05,4.7932582089e-05,-3.8794780284e-09,-5.0063190850e-06,1.6428498500e-08,7.8364874291e-09,-7.0253100921e-09,-3.4385224761e-07,-5.1377262082e-07,-1.1047523163e-03,6.8258426966e-01
-4.5937500000e+01,-4.0954165548e-03,-4.7532026718e-03,2.8314811921e+02,4.0795942680e-05,4.6619404809e-05,-3.8083966581e-09,-4.9048460814e-06,1.5907494872e-08,7.8011836787e-09,-6.8782418535e-09,-3.4355545010e-07,-4.9426688442e-07,-1.1043927552e-03,6.8820224719e-01
-4.6312500000e+01,-4.1164179798e-03,-4.6443007359e-03,2.8314810737e+02,4.0657225996e-05,4.5320783872e-05,-3.7378240173e-09,-4.8027269393e-06,1.5326491589e-08,7.9199479874e-09,-6.8084824287e-09,-3.4315237162e-07,-4.7516529869e-07,-1.1040326238e-03,6.9382022472e-01
-4.6687500000e+01,-4.1369618349e-03,-4.5343207783e-03,2.8314809490e+02,4.0515239758e-05,4.4036964545e-05,-3.6666701008e-09,-4.6998117371e-06,1.4740254802e-08,8.1718571138e-09,-6.7603991500e-09,-3.4270280778e-07,-4.5646543250e-07,-1.1036720121e-03,6.9943820225e-01
-4.7062500000e+01,-4.1572916565e-03,-4.4229319817e-03,2.8314808173e+02,4.0370770708e-05,4.2757829785e-05,-3.5952832864e-09,-4.5961334648e-06,1.4147496596e-08,8.2684314659e-09,-6.6158334719e-09,-3.4224275921e-07,-4.3796619114e-07,-1.1033115138e-03,7.0505617978e-01
-4.7437500000e+01,-4.1768433059e-03,-4.3107913182e-03,2.8314806781e+02,4.0215520339e-05,4.1496904342e-05,-3.5255478675e-09,-4.4919527841e-06,1.3687524356e-08,8.3078213015e-09,-6.4347518957e-09,-3.4164161812e-07,-4.1990514529e-07,-1.1029511787e-03,7.1067415730e-01
-4.7812500000e+01,-4.1954993538e-03,-4.1978963956e-03,2.8314805301e+02,4.0051992821e-05,4.0254747109e-05,-3.4542904202e-09,-4.3874188604e-06,1.3303609579e-08,8.1843469639e-09,-6.2537237785e-09,-3.4092620044e-07,-4.0227879052e-07,-1.1025915103e-03,7.1629213483e-01
-4.8187500000e+01,-4.2122891418e-03,-4.0844349762e-03,2.8314803716e+02,3.9869857765e-05,3.9031814469e-05,-3.3827450806e-09,-4.2826668442e-06,1.2974850389e-08,7.9402067025e-09,-6.0630626647e-09,-3.3988659061e-07,-3.8503399935e-07,-1.1022326958e-03,7.2191011236e-01
-4.8562500000e+01,-4.2269059780e-03,-3.9698585675e-03,2.8314802028e+02,3.9668529657e-05,3.7824384476e-05,-3.3135628281e-09,-4.1774991330e-06,1.2654416478e-08,7.6279891829e-09,-5.8297101127e-09,-3.3850882657e-07,-3.6811506505e-07,-1.1018740733e-03,7.2752808989e-01
-4.8937500000e+01,-4.2398636762e-03,-3.8544530161e-03,2.8314800223e+02,3.9453900626e-05,3.6635707262e-05,-3.2431236462e-09,-4.0720797307e-06,1.2117163704e-08,7.2957237276e-09,-5.5063699385e-09,-3.3693189991e-07,-3.5156492492e-07,-1.1015152358e-03,7.3314606742e-01
-4.9312500000e+01,-4.2512695709e-03,-3.7391945606e-03,2.8314798298e+02,3.9235308950e-05,3.5472738973e-05,-3.1726989538e-09,-3.9666550613e-06,1.1488170799e-08,7.1678165080e-09,-5.2132954195e-09,-3.3527931090e-07,-3.3549532926e-07,-1.1011560271e-03,7.3876404494e-01
-4.9687500000e+01,-4.2607907590e-03,-3.6241056507e-03,2.8314796236e+02,3.9008021274e-05,3.4333879619e-05,-3.1030052797e-09,-3.8610980798e-06,1.0868672503e-08,7.0750198755e-09,-5.0240604947e-09,-3.3347290521e-07,-3.1982700243e-07,-1.1007966111e-03,7.4438202247e-01
-5.0062500000e+01,-4.2677942881e-03,-3.5086142238e-03,2.8314794037e+02,3.8767365158e-05,3.3217663135e-05,-3.0367085263e-09,-3.7552134817e-06,1.0265493556e-08,7.0450856783e-09,-4.8965083934e-09,-3.3139384273e-07,-3.0450575582e-07,-1.1004367131e-03,7.5000000000e-01
-5.0437500000e+01,-4.2724388420e-03,-3.3926594613e-03,2.8314791681e+02,3.8507676268e-05,3.2122656165e-05,-2.9684135637e-09,-3.6491280976e-06,9.6714305896e-09,7.1121072695e-09,-4.7588554870e-09,-3.2895783581e-07,-2.8954861493e-07,-1.1000760107e-03,7.5561797753e-01
-5.0812500000e+01,-4.2746469142e-03,-3.2765568870e-03,2.8314789141e+02,3.8229392540e-05,3.1050806867e-05,-2.8978474673e-09,-3.5429551942e-06,9.0888848664e-09,6.9526710949e-09,-4.5936044882e-09,-3.2621877162e-07,-2.7496308327e-07,-1.0997149649e-03,7.6123595506e-01
-5.1187500000e+01,-4.2736779467e-03,-3.1600176706e-03,2.8314786404e+02,3.7918377677e-05,2.9994380645e-05,-2.8302278770e-09,-3.4367443134e-06,8.4896454344e-09,6.7448715742e-09,-4.4643595846e-09,-3.2302577858e-07,-2.6064463411e-07,-1.0993538930e-03,7.6685393258e-01
-5.1562500000e+01,-4.2694157008e-03,-3.0434504119e-03,2.8314783422e+02,3.7575028880e-05,2.8957163499e-05,-2.7609605193e-09,-3.3306113409e-06,7.8214181376e-09,6.6032747459e-09,-4.3240441854e-09,-3.1939155278e-07,-2.4664606202e-07,-1.0989929208e-03,7.7247191011e-01
-5.1937500000e+01,-4.2620240924e-03,-2.9265223875e-03,2.8314780190e+02,3.7197265914e-05,2.7936882911e-05,-2.6916574114e-09,-3.2247279622e-06,7.1045668103e-09,6.5610404526e-09,-4.2213213759e-09,-3.1530331189e-07,-2.3292396479e-07,-1.0986320250e-03,7.7808988764e-01
-5.2312500000e+01,-4.2506257489e-03,-2.8093428340e-03,2.8314776680e+02,3.6780222227e-05,2.6938257083e-05,-2.6222974941e-09,-3.1191049505e-06,6.3693048670e-09,6.4553691781e-09,-4.0927873263e-09,-3.1072906519e-07,-2.1954904241e-07,-1.0982712542e-03,7.8370786517e-01
-5.2687500000e+01,-4.2352646912e-03,-2.6915897130e-03,2.8314772865e+02,3.6325457625e-05,2.5959462867e-05,-2.5532503937e-09,-3.0138740356e-06,5.6043141731e-09,6.1377696045e-09,-3.9235433294e-09,-3.0565554869e-07,-2.0652421419e-07,-1.0979107620e-03,7.8932584270e-01
-5.3062500000e+01,-4.2157621337e-03,-2.5736650382e-03,2.8314768718e+02,3.5832512478e-05,2.4998941351e-05,-2.4855119843e-09,-2.9093700112e-06,4.9539523996e-09,5.8152251056e-09,-3.7440036487e-09,-3.0012079350e-07,-1.9383745308e-07,-1.0975502573e-03,7.9494382022e-01
-5.3437500000e+01,-4.1920453703e-03,-2.4559337395e-03,2.8314764190e+02,3.5306591168e-05,2.4061851207e-05,-2.4163279142e-09,-2.8057084171e-06,4.3968482242e-09,5.4043579465e-09,-3.4901430519e-09,-2.9421816260e-07,-1.8159766492e-07,-1.0971893876e-03,8.0056179775e-01
-5.3812500000e+01,-4.1643895055e-03,-2.3388705561e-03,2.8314759231e+02,3.4748374641e-05,2.3148966328e-05,-2.3480812082e-09,-2.7030001356e-06,3.8507287504e-09,4.9364369137e-09,-3.1471931853e-09,-2.8795230265e-07,-1.6981289062e-07,-1.0968276724e-03,8.0617977528e-01
-5.4187500000e+01,-4.1320852990e-03,-2.2225016430e-03,2.8314753783e+02,3.4154023861e-05,2.2254405218e-05,-2.2792135344e-09,-2.6013205247e-06,3.3159231046e-09,4.4886281767e-09,-2.8320761238e-09,-2.8127202214e-07,-1.5842748120e-07,-1.0964643863e-03,8.1179775281e-01
-5.4562500000e+01,-4.0946132787e-03,-2.1070526212e-03,2.8314747763e+02,3.3517589612e-05,2.1384269417e-05,-2.2098265381e-09,-2.5008173449e-06,2.5957251866e-09,3.8762094988e-09,-2.6002039850e-09,-2.7413640086e-07,-1.4750672606e-07,-1.0960997729e-03,8.1741573034e-01
-5.4937500000e+01,-4.0519289813e-03,-1.9921638014e-03,2.8314741081e+02,3.2840027423e-05,2.0533792850e-05,-2.1403573342e-09,-2.4014872738e-06,1.8811381600e-09,3.2468700716e-09,-2.4515995815e-09,-2.6655058824e-07,-1.3698878041e-07,-1.0957337329e-03,8.2303370787e-01
-5.5312500000e+01,-4.0040124620e-03,-1.8778677324e-03,2.8314733639e+02,3.2122713743e-05,1.9704194967e-05,-2.0696044169e-09,-2.3033288186e-06,1.2562143138e-09,2.5874666535e-09,-2.3471266890e-09,-2.5854552551e-07,-1.2684920735e-07,-1.0953662351e-03,8.2865168539e-01
-5.5687500000e+01,-3.9507280698e-03,-1.7644177080e-03,2.8314725318e+02,3.1354234432e-05,1.8897272420e-05,-1.9975236972e-09,-2.2064995866e-06,6.6299933302e-10,1.9533822018e-09,-2.1992890573e-09,-2.4999675348e-07,-1.1708580971e-07,-1.0949977107e-03,8.3426966292e-01
-5.6062500000e+01,-3.8908674856e-03,-1.6515337606e-03,2.8314715983e+02,3.0528234512e-05,1.8111229706e-05,-1.9247616540e-09,-2.1113556596e-06,-2.0239785837e-11,1.3631523382e-09,-2.0436280919e-09,-2.4087631484e-07,-1.0768849956e-07,-1.0946288433e-03,8.3988764045e-01
-5.6437500000e+01,-3.8244038740e-03,-1.5390926859e-03,2.8314705469e+02,2.9641220816e-05,1.7346869733e-05,-1.8509025444e-09,-2.0178306743e-06,-8.2156303702e-10,7.9094606563e-10,-1.8814316142e-09,-2.3118328587e-07,-9.8672435270e-08,-1.0942602574e-03,8.4550561798e-01
-5.6812500000e+01,-3.7507930936e-03,-1.4277663027e-03,2.8314693594e+02,2.8695122045e-05,1.6608003271e-05,-1.7775846074e-09,-1.9261778640e-06,-1.4828641466e-09,3.4789314085e-10,-1.7281796617e-09,-2.2093727795e-07,-9.0070233173e-08,-1.0938922975e-03,8.5112359551e-01
-5.7187500000e+01,-3.6698171103e-03,-1.3178010967e-03,2.8314680096e+02,2.7692097415e-05,1.5889212190e-05,-1.7044145958e-09,-1.8365884885e-06,-2.0715445436e-09,-1.4871820570e-10,-1.5087079432e-09,-2.1016629829e-07,-8.1854656161e-08,-1.0935263828e-03,8.5674157303e-01
-5.7562500000e+01,-3.5812782859e-03,-1.2098208983e-03,2.8314664705e+02,2.6631513335e-05,1.5195222422e-05,-1.6306042816e-09,-1.7493707921e-06,-2.6987529780e-09,-7.8416001072e-10,-1.3726276739e-09,-1.9889277766e-07,-7.4092795083e-08,-1.0931640834e-03,8.6235955056e-01
-5.7937500000e+01,-3.4845868103e-03,-1.1033441298e-03,2.8314647065e+02,2.5505771249e-05,1.4526292212e-05,-1.5574872802e-09,-1.6647419238e-06,-3.3404489131e-09,-1.5251488211e-09,-1.3095537318e-09,-1.8710482489e-07,-6.6774495985e-08,-1.0928062298e-03,8.6797752809e-01
-5.8312500000e+01,-3.3802600445e-03,-9.9873800431e-04,2.8314626795e+02,2.4326722772e-05,1.3882131847e-05,-1.4857475589e-09,-1.5825524691e-06,-4.0477491684e-09,-2.2733339449e-09,-1.1612135143e-09,-1.7494614449e-07,-5.9902293295e-08,-1.0924538541e-03,8.7359550562e-01
-5.8687500000e+01,-3.2680954007e-03,-8.9642345325e-04,2.8314603412e+02,2.3091969783e-05,1.3269578957e-05,-1.4144368555e-09,-1.5032130659e-06,-4.5159205806e-09,-2.7699594901e-09,-9.6295815173e-10,-1.6245009695e-07,-5.3546225114e-08,-1.0921081894e-03,8.7921348315e-01
-5.9062500000e+01,-3.1473851591e-03,-7.9657790230e-04,2.8314576396e+02,2.1811419686e-05,1.2685923380e-05,-1.3417890672e-09,-1.4270047063e-06,-4.8922865458e-09,-3.0544830455e-09,-8.5850631583e-10,-1.4973168864e-07,-4.7658203672e-08,-1.0917714479e-03,8.8483146067e-01
-5.9437500000e+01,-3.0181581493e-03,-7.0014284527e-04,2.8314545041e+02,2.0496922710e-05,1.2131227927e-05,-1.2706771288e-09,-1.3543031146e-06,-5.1944639815e-09,-3.1663666556e-09,-8.8397753150e-10,-1.3693015403e-07,-4.2245482936e-08,-1.0914460786e-03,8.9044943820e-01
-5.9812500000e+01,-2.8808479512e-03,-6.0779225129e-04,2.8314508422e+02,1.9159512459e-05,1.1604789880e-05,-1.2010127968e-09,-1.2849757578e-06,-5.4124716203e-09,-3.0661248497e-09,-8.3970772915e-10,-1.2415911914e-07,-3.7346857854e-08,-1.0911346566e-03,8.9606741573e-01
-6.0187500000e+01,-2.7345682572e-03,-5.2148632604e-04,2.8314465408e+02,1.7799195923e-05,1.1112384744e-05,-1.1318423522e-09,-1.2193573641e-06,-5.6415912872e-09,-2.9979377060e-09,-8.2932999591e-10,-1.1145641572e-07,-3.3013299350e-08,-1.0908399223e-03,9.0168539326e-01
-6.0562500000e+01,-2.5803972633e-03,-4.4320139189e-04,2.8314414921e+02,1.6420539736e-05,1.0653338466e-05,-1.0642620774e-09,-1.1574037150e-06,-5.7708115562e-09,-2.8677577651e-09,-8.0490945676e-10,-9.8879878286e-08,-2.9257416775e-08,-1.0905640904e-03,9.0730337079e-01
-6.0937500000e+01,-2.4193016578e-03,-3.7433222432e-04,2.8314355397e+02,1.5038473736e-05,1.0226675818e-05,-9.9446193835e-10,-1.0990798289e-06,-5.7469313923e-09,-2.7231293377e-09,-7.0393531030e-10,-8.6644531214e-08,-2.6029709446e-08,-1.0903096263e-03,9.1292134831e-01
-6.1312500000e+01,-2.2538742200e-03,-3.1806981521e-04,2.8314284836e+02,1.3679132817e-05,9.8324744290e-06,-9.2583185029e-10,-1.0445418173e-06,-5.6447028695e-09,-2.4025532160e-09,-5.8528022686e-10,-7.4980419051e-08,-2.3309231620e-08,-1.0900782887e-03,9.1853932584e-01
-6.1687500000e+01,-2.0838554444e-03,-2.7623796981e-04,2.8314200994e+02,1.2347395522e-05,9.4635583954e-06,-8.5886908769e-10,-9.9365339863e-07,-5.4180100377e-09,-1.9659454721e-09,-4.3894394568e-10,-6.3948816076e-08,-2.1067126531e-08,-1.0898713573e-03,9.2415730337e-01
-6.2062500000e+01,-1.9115336364e-03,-2.4923264945e-04,2.8314101387e+02,1.1069162119e-05,9.1191393331e-06,-7.9188211982e-10,-9.4635397847e-07,-5.0207681870e-09,-1.5260343436e-09,-3.4805253671e-10,-5.3752524037e-08,-1.9324247769e-08,-1.0896891277e-03,9.2977528090e-01
-6.2437500000e+01,-1.7400490060e-03,-2.3725383379e-04,2.8313983474e+02,9.8579843411e-06,8.7881165158e-06,-7.2651800600e-10,-9.0235449606e-07,-4.3923483738e-09,-1.0639322602e-09,-3.2206051529e-10,-4.4523007575e-08,-1.8014762169e-08,-1.0895318537e-03,9.3539325843e-01
-6.2812500000e+01,-1.5696769006e-03,-2.3701800093e-04,2.8313844203e+02,8.7231463886e-06,8.4689656848e-06,-6.6143020361e-10,-8.6158575426e-07,-3.7155230050e-09,-6.0436747285e-10,-2.9195680378e-10,-3.6327891438e-08,-1.7014562233e-08,-1.0893994521e-03,9.4101123596e-01
-6.3187500000e+01,-1.4035548968e-03,-2.4601893752e-04,2.8313680564e+02,7.6862547080e-06,8.1548906589e-06,-5.9692710060e-10,-8.2395873977e-07,-3.1989796446e-09,-1.7103514181e-10,-2.0488402680e-10,-2.9252387076e-08,-1.6163625869e-08,-1.0892912916e-03,9.4662921348e-01
-6.3562500000e+01,-1.2445659898e-03,-2.6250677499e-04,2.8313489597e+02,6.7727604479e-06,7.8479575888e-06,-5.3464430550e-10,-7.8934730517e-07,-2.7406887790e-09,2.6954771894e-10,-3.4474810499e-11,-2.3367514787e-08,-1.5429528213e-08,-1.0892051928e-03,9.5224719101e-01
-6.3937500000e+01,-1.0956460175e-03,-2.8035581342e-04,2.8313268441e+02,5.9851199795e-06,7.5509057256e-06,-4.7665997407e-10,-7.5729763328e-07,-2.3835340046e-09,5.7317619269e-10,1.1810772292e-10,-1.8597556096e-08,-1.4694950921e-08,-1.0891383306e-03,9.5786516854e-01
-6.4312500000e+01,-9.5906441775e-04,-2.9519606850e-04,2.8313016058e+02,5.3240351473e-06,7.2548241613e-06,-4.2476796465e-10,-7.2777561507e-07,-2.0573675151e-09,8.7958457431e-10,2.1015617802e-10,-1.4845911800e-08,-1.3928523777e-08,-1.0890869026e-03,9.6348314607e-01
-6.4687500000e+01,-8.3559187571e-04,-3.0745849693e-04,2.8312732768e+02,4.7780811792e-06,6.9650616795e-06,-3.7892092462e-10,-7.0087659943e-07,-1.7861006715e-09,1.0675335961e-09,2.7834193696e-10,-1.1923354700e-08,-1.3180018239e-08,-1.0890476956e-03,9.6910112360e-01
-6.5062500000e+01,-7.2767015398e-04,-3.1833616008e-04,2.8312420235e+02,4.3331890639e-06,6.6964860742e-06,-3.3928973495e-10,-6.7627860138e-07,-1.6221340730e-09,9.8912516703e-10,3.5190613015e-10,-9.7229402548e-09,-1.2494096739e-08,-1.0890175019e-03,9.7471910112e-01
-6.5437500000e+01,-6.3512396744e-04,-3.2660011710e-04,2.8312080338e+02,3.9666369170e-06,6.4393445606e-06,-3.0665287767e-10,-6.5348410717e-07,-1.5178297528e-09,8.0616756751e-10,3.7933722648e-10,-8.0822400529e-09,-1.1853077696e-08,-1.0889934725e-03,9.8033707865e-01
-6.5812500000e+01,-5.5623036594e-04,-3.2975266105e-04,2.8311714766e+02,3.6538987760e-06,6.1832807799e-06,-2.8288355583e-10,-6.3193424808e-07,-1.6094497805e-09,4.3132867679e-10,3.6892429821e-10,-6.7986151998e-09,-1.1167700463e-08,-1.0889739666e-03,9.8595505618e-01
-6.6187500000e+01,-4.8817855536e-04,-3.2423376803e-04,2.8311326651e+02,3.3798173514e-06,5.9307503754e-06,-2.6586162985e-10,-6.1133160247e-07,-1.7793192676e-09,3.1657721321e-11,3.8390837853e-10,-5.7430568001e-09,-1.0397903626e-08,-1.0889576833e-03,9.9157303371e-01
-6.6562500000e+01,-4.2750131785e-04,-3.0929074122e-04,2.8310918424e+02,3.1392841712e-06,5.6875218143e-06,-2.5466517284e-10,-5.9163434723e-07,-1.9505977492e-09,-4.0564950862e-10,3.8658470424e-10,-4.8615891172e-09,-9.5837353969e-09,-1.0889440062e-03,9.9719101124e-01
-6.6937500000e+01,-3.7407897839e-04,-2.8622933742e-04,2.8310491655e+02,2.9262713638e-06,5.4647316273e-06,-2.4776665761e-10,-5.7300695246e-07,-2.1165986332e-09,-8.4308090902e-10,3.5571845206e-10,-4.1113902137e-09,-8.7236158109e-09,-1.0889325110e-03,1.0028089888e+00
-6.7312500000e+01,-3.2838660194e-04,-2.5663572049e-04,2.8310048309e+02,2.7408843024e-06,5.2647850322e-06,-2.4370684673e-10,-5.5554840525e-07,-2.2155387532e-09,-1.1819742321e-09,3.1055886996e-10,-3.4801215550e-09,-7.7855200910e-09,-1.0889227571e-03,1.0084269663e+00
-6.7687500000e+01,-2.8913782356e-04,-2.2186954951e-04,2.8309588962e+02,2.5804687459e-06,5.0943887749e-06,-2.4106956505e-10,-5.3926884513e-07,-2.3525193371e-09,-1.6585769311e-09,2.7030505920e-10,-2.9455091052e-09,-6.7647793744e-09,-1.0889147197e-03,1.0140449438e+00
-6.8062500000e+01,-2.5575596429e-04,-1.8469054041e-04,2.8309115764e+02,2.4444969621e-06,4.9523213628e-06,-2.3922748871e-10,-5.2439961591e-07,-2.4694551004e-09,-2.0684541529e-09,2.6037042642e-10,-2.4698232010e-09,-5.6960810968e-09,-1.0889077948e-03,1.0196629213e+00
-6.8437500000e+01,-2.2629270864e-04,-1.4675806343e-04,2.8308630719e+02,2.3321094421e-06,4.8303771774e-06,-2.3805946438e-10,-5.1096067310e-07,-2.5954897603e-09,-2.4541325368e-09,2.3469469314e-10,-2.0445911348e-09,-4.5796672639e-09,-1.0889018472e-03,1.0252808989e+00
-6.8812500000e+01,-2.0045787452e-04,-1.1030769202e-04,2.8308135569e+02,2.2423880976e-06,4.7266979582e-06,-2.3787351444e-10,-4.9874427016e-07,-2.7172871655e-09,-2.7802831307e-09,2.0223493401e-10,-1.6705855654e-09,-3.4810016064e-09,-1.0888967553e-03,1.0308988764e+00
-6.9187500000e+01,-1.7799232777e-04,-7.4593128610e-05,2.8307630516e+02,2.1664446879e-06,4.6401927420e-06,-2.3786918776e-10,-4.8768639343e-07,-2.7780265833e-09,-2.9629724502e-09,1.9251360322e-10,-1.3479293961e-09,-2.4222506232e-09,-1.0888922480e-03,1.0365168539e+00
-6.9562500000e+01,-1.6099397289e-04,-4.0969505086e-05,2.8307115428e+02,2.1027655252e-06,4.5629419510e-06,-2.3811005387e-10,-4.7766329988e-07,-2.9532016178e-09,-3.2499469318e-09,1.7464683280e-10,-1.1075663147e-09,-1.4697075684e-09,-1.0888884624e-03,1.0421348315e+00
-6.9937500000e+01,-1.5001111726e-04,-9.8506223884e-06,2.8306590856e+02,2.0466573602e-06,4.4867488269e-06,-2.3809957866e-10,-4.6855732271e-07,-3.0429245886e-09,-3.3816273356e-09,1.7103174767e-10,-9.3737830182e-10,-6.5001785581e-10,-1.0888849478e-03,1.0477528090e+00
-7.0312500000e+01,-1.4515580142e-04,1.9284926485e-05,2.8306055793e+02,1.9939820799e-06,4.4060748352e-06,-2.3840640401e-10,-4.6014896817e-07,-3.1036809701e-09,-3.4671462738e-09,1.6841503206e-10,-8.3629946759e-10,7.7631364379e-11,-1.0888818509e-03,1.0533707865e+00
-7.0687500000e+01,-1.4682867687e-04,4.6356782060e-05,2.8305511587e+02,1.9436475567e-06,4.3184094319e-06,-2.3936255830e-10,-4.5215527339e-07,-3.1694519341e-09,-3.5535823877e-09,1.5540112583e-10,-7.8851407116e-10,7.1016670358e-10,-1.0888791169e-03,1.0589887640e+00
-7.1062500000e+01,-1.5398994121e-04,7.1571888760e-05,2.8304958552e+02,1.8954034011e-06,4.2244425092e-06,-2.4051985622e-10,-4.4434353157e-07,-3.1228151476e-09,-3.5228687167e-09,1.3983684041e-10,-7.8764348714e-10,1.2583479229e-09,-1.0888763799e-03,1.0646067416e+00
-7.1437500000e+01,-1.6547420554e-04,9.5695409564e-05,2.8304394538e+02,1.8514900326e-06,4.1329889235e-06,-2.4096778126e-10,-4.3660371784e-07,-3.2276753420e-09,-3.6521619961e-09,1.2094729550e-10,-8.2224186210e-10,1.7175038595e-09,-1.0888739421e-03,1.0702247191e+00
-7.1812500000e+01,-1.7906206621e-04,1.1963372052e-04,2.8303822331e+02,1.8111630311e-06,4.0434520564e-06,-2.4199347106e-10,-4.2879868287e-07,-3.2762810090e-09,-3.6101007456e-09,1.2735195178e-10,-8.8358966345e-10,2.1048179468e-09,-1.0888712294e-03,1.0758426966e+00
-7.2187500000e+01,-1.9517567576e-04,1.4170613239e-04,2.8303241161e+02,1.7758363304e-06,3.9551153352e-06,-2.4295471697e-10,-4.2086645770e-07,-3.2835237692e-09,-3.5506739823e-09,1.3603787353e-10,-9.7802644002e-10,2.3893087933e-09,-1.0888683168e-03,1.0814606742e+00
-7.2562500000e+01,-2.1293388993e-04,1.6150867245e-04,2.8302651373e+02,1.7439290077e-06,3.8714877833e-06,-2.4378515481e-10,-4.1278157191e-07,-3.3207368380e-09,-3.5610212463e-09,1.4438911564e-10,-1.0823592765e-09,2.5758471915e-09,-1.0888653091e-03,1.0870786517e+00
-7.2937500000e+01,-2.3066501812e-04,1.7800388202e-04,2.8302053352e+02,1.7160096967e-06,3.7946171065e-06,-2.4423523462e-10,-4.0446571485e-07,-3.2910026747e-09,-3.4335692245e-09,1.8584834615e-10,-1.1804958555e-09,2.6754507949e-09,-1.0888618145e-03,1.0926966292e+00
-7.3312500000e+01,-2.4647974061e-04,1.9249535779e-04,2.8301441021e+02,1.6886985059e-06,3.7256500887e-06,-2.4371140551e-10,-3.9599484124e-07,-3.3347884760e-09,-3.4159140047e-09,2.3419445115e-10,-1.2627339228e-09,2.7042725021e-09,-1.0888581667e-03,1.0983146067e+00
-7.3687500000e+01,-2.6007670034e-04,2.0462115729e-04,2.8300816030e+02,1.6620712044e-06,3.6624260804e-06,-2.4399296917e-10,-3.8742578831e-07,-3.3110055558e-09,-3.3190502019e-09,2.7161235925e-10,-1.3338079641e-09,2.6627597170e-09,-1.0888541066e-03,1.1039325843e+00
-7.4062500000e+01,-2.7209739086e-04,2.1483458068e-04,2.8300177590e+02,1.6375401921e-06,3.6045955398e-06,-2.4416660727e-10,-3.7871361015e-07,-3.2762843037e-09,-3.1903071186e-09,2.7859615958e-10,-1.3947374364e-09,2.5695984934e-09,-1.0888497064e-03,1.1095505618e+00
-7.4437500000e+01,-2.8256299892e-04,2.2172126768e-04,2.8299525962e+02,1.6149476351e-06,3.5521455067e-06,-2.4456070132e-10,-3.7001080631e-07,-3.2514420047e-09,-3.1028744127e-09,2.8587010967e-10,-1.4469919762e-09,2.4255212000e-09,-1.0888450321e-03,1.1151685393e+00
-7.4812500000e+01,-2.9140696004e-04,2.2471321363e-04,2.8298860945e+02,1.5956247466e-06,3.5051427935e-06,-2.4460799810e-10,-3.6133501277e-07,-3.1967596959e-09,-2.9767598005e-09,3.2359556079e-10,-1.4913153958e-09,2.2587098811e-09,-1.0888400649e-03,1.1207865169e+00
-7.5187500000e+01,-3.0006747672e-04,2.2584569984e-04,2.8298178922e+02,1.5801067822e-06,3.4721682367e-06,-2.4364244976e-10,-3.5281391493e-07,-3.2264351028e-09,-2.9937593290e-09,3.2357640919e-10,-1.5286643817e-09,2.1066800959e-09,-1.0888351511e-03,1.1264044944e+00
-7.5562500000e+01,-3.0829326063e-04,2.2438973032e-04,2.8297481437e+02,1.5670956353e-06,3.4496198347e-06,-2.4274984147e-10,-3.4447515135e-07,-3.1809383335e-09,-2.8932249804e-09,3.2988984330e-10,-1.5630410941e-09,1.9480415804e-09,-1.0888299314e-03,1.1320224719e+00
-7.5937500000e+01,-3.1603187635e-04,2.2114056051e-04,2.8296769891e+02,1.5538175331e-06,3.4356040138e-06,-2.4072296476e-10,-3.3633959435e-07,-3.1333791937e-09,-2.8806470866e-09,3.3250380587e-10,-1.5784811331e-09,1.7875362782e-09,-1.0888247984e-03,1.1376404494e+00
-7.6312500000e+01,-3.2296453516e-04,2.1613851343e-04,2.8296044575e+02,1.5393524043e-06,3.4269301697e-06,-2.3850210802e-10,-3.2836026489e-07,-3.1122853305e-09,-2.9164749829e-09,3.1453298492e-10,-1.5741210850e-09,1.6443396786e-09,-1.0888198331e-03,1.1432584270e+00
-7.6687500000e+01,-3.2756227734e-04,2.0954806321e-04,2.8295307904e+02,1.5185676410e-06,3.4134126638e-06,-2.3620567650e-10,-3.2049831761e-07,-3.0397699164e-09,-2.8612719232e-09,2.9953698854e-10,-1.5511009389e-09,1.5097044294e-09,-1.0888151213e-03,1.1488764045e+00
-7.7062500000e+01,-3.2889615025e-04,2.0066796445e-04,2.8294557302e+02,1.4895360904e-06,3.3953474349e-06,-2.3292807036e-10,-3.1288018662e-07,-3.0891866704e-09,-3.0948120136e-09,2.3882123655e-10,-1.5099039788e-09,1.3759623131e-09,-1.0888111989e-03,1.1544943820e+00
-7.7437500000e+01,-3.2848213815e-04,1.8967381550e-04,2.8293797109e+02,1.4557869517e-06,3.3643777869e-06,-2.2903864822e-10,-3.0547177277e-07,-3.0771098629e-09,-3.2212178183e-09,2.0590206540e-10,-1.4653942077e-09,1.2486361551e-09,-1.0888074942e-03,1.1601123596e+00
-7.7812500000e+01,-3.2409157756e-04,1.7684367089e-04,2.8293029161e+02,1.4192065498e-06,3.3155722186e-06,-2.2566570344e-10,-2.9817068112e-07,-3.0940593614e-09,-3.3503305261e-09,1.5598386982e-10,-1.4127071682e-09,1.0979327915e-09,-1.0888041554e-03,1.1657303371e+00
-7.8187500000e+01,-3.1662681439e-04,1.6267068719e-04,2.8292256611e+02,1.3826079726e-06,3.2528308764e-06,-2.2235569612e-10,-2.9113819655e-07,-3.1145643628e-09,-3.4720426548e-09,9.9675495577e-11,-1.3602388657e-09,9.5286218334e-10,-1.0888010921e-03,1.1713483146e+00
-7.8562500000e+01,-3.0558564732e-04,1.4843244906e-04,2.8291481824e+02,1.3464481574e-06,3.1756274001e-06,-2.1898536474e-10,-2.8439031979e-07,-3.0305255520e-09,-3.4395967640e-09,7.0054661983e-11,-1.3026020818e-09,8.3150852022e-10,-1.0887978909e-03,1.1769662921e+00
-7.8937500000e+01,-2.9143922765e-04,1.3400899319e-04,2.8290702432e+02,1.3107313289e-06,3.0883967114e-06,-2.1495267754e-10,-2.7799325525e-07,-3.0585996095e-09,-3.6216980342e-09,2.0781033837e-11,-1.2368001005e-09,7.2801139641e-10,-1.0887951022e-03,1.1825842697e+00
-7.9312500000e+01,-2.7665039188e-04,1.1885992173e-04,2.8289921940e+02,1.2753385083e-06,2.9932471336e-06,-2.1137701949e-10,-2.7197552644e-07,-3.0380451565e-09,-3.6785588335e-09,-1.3055727967e-11,-1.1657248363e-09,6.2369445151e-10,-1.0887924711e-03,1.1882022472e+00
-7.9687500000e+01,-2.6198064310e-04,1.0512354936e-04,2.8289139958e+02,1.2417330520e-06,2.8983926010e-06,-2.0755069956e-10,-2.6631985837e-07,-2.9955374480e-09,-3.6949175977e-09,-3.2279905048e-11,-1.0861960275e-09,5.7222266216e-10,-1.0887897642e-03,1.1938202247e+00
-8.0062500000e+01,-2.4832298260e-04,9.2483541305e-05,2.8288357598e+02,1.2126089262e-06,2.8090085891e-06,-2.0335802453e-10,-2.6102772885e-07,-2.9523758637e-09,-3.7045324106e-09,-3.7588926627e-11,-1.0023798484e-09,5.4864535877e-10,-1.0887869604e-03,1.1994382022e+00
-8.0437500000e+01,-2.3692739589e-04,8.1226972404e-05,2.8287576433e+02,1.1855227902e-06,2.7250191745e-06,-1.9967870014e-10,-2.5604976228e-07,-2.8443268199e-09,-3.6132701087e-09,-3.5202803152e-11,-9.1771532565e-10,5.3951441654e-10,-1.0887839802e-03,1.2050561798e+00
-8.0812500000e+01,-2.2779321510e-04,7.1644303822e-05,2.8286794059e+02,1.1596214243e-06,2.6567406159e-06,-1.9537780217e-10,-2.5136282674e-07,-2.8365800179e-09,-3.6826605502e-09,-5.4478863832e-11,-8.4179236760e-10,5.3575145469e-10,-1.0887809745e-03,1.2106741573e+00
-8.1187500000e+01,-2.2087275182e-04,6.5563247819e-05,2.8286012359e+02,1.1360394568e-06,2.5972749666e-06,-1.9161211181e-10,-2.4689442156e-07,-2.7956876270e-09,-3.6141881303e-09,-4.1355912082e-11,-7.7966663360e-10,5.2893964695e-10,-1.0887775010e-03,1.2162921348e+00
-8.1562500000e+01,-2.1559645757e-04,6.2179522564e-05,2.8285232399e+02,1.1147044126e-06,2.5475754542e-06,-1.8780580540e-10,-2.4264011942e-07,-2.7398923895e-09,-3.5239006613e-09,-1.9373689471e-11,-7.3285048542e-10,5.1106468293e-10,-1.0887739784e-03,1.2219101124e+00
-8.1937500000e+01,-2.1192158412e-04,6.1070346471e-05,2.8284454861e+02,1.0930642334e-06,2.5042883444e-06,-1.8375497919e-10,-2.3863094739e-07,-2.6885010589e-09,-3.4380909667e-09,-2.8793833476e-11,-6.9438162372e-10,4.9146020502e-10,-1.0887705659e-03,1.2275280899e+00
-8.2312500000e+01,-2.1011019947e-04,6.1397182381e-05,2.8283681781e+02,1.0744731274e-06,2.4634435968e-06,-1.8026833720e-10,-2.3467150908e-07,-2.5827488240e-09,-3.2710608177e-09,-2.5968948280e-11,-6.6710823280e-10,4.7097828982e-10,-1.0887669980e-03,1.2331460674e+00
-8.2687500000e+01,-2.0746031906e-04,6.2799509266e-05,2.8282907229e+02,1.0575083055e-06,2.4278557037e-06,-1.7521757296e-10,-2.3080228165e-07,-2.5672460437e-09,-3.2501829458e-09,-4.2580870152e-11,-6.4261353927e-10,4.4901083734e-10,-1.0887638209e-03,1.2387640449e+00
-8.3062500000e+01,-2.0508739415e-04,6.3837572901e-05,2.8282135663e+02,1.0387067262e-06,2.3899912879e-06,-1.7152747631e-10,-2.2697703030e-07,-2.5194581158e-09,-3.1357361228e-09,-3.3586171481e-11,-6.1914267759e-10,4.2706424876e-10,-1.0887608556e-03,1.2443820225e+00
-8.3437500000e+01,-2.0275359905e-04,6.5800762486e-05,2.8281365269e+02,1.0192782764e-06,2.3518201036e-06,-1.6776018935e-10,-2.2321668483e-07,-2.4610329364e-09,-3.0084797650e-09,-1.6852354036e-11,-5.9653213953e-10,4.1968567030e-10,-1.0887580536e-03,1.2500000000e+00
-8.3812500000e+01,-1.9995538385e-04,6.6663603182e-05,2.8280596632e+02,9.9892458748e-07,2.3125236232e-06,-1.6434630493e-10,-2.1952916895e-07,-2.3957348502e-09,-2.8882565442e-09,1.9522858351e-14,-5.7177032266e-10,3.9583078405e-10,-1.0887554384e-03,1.2556179775e+00
-8.4187500000e+01,-1.9715891994e-04,6.5948139911e-05,2.8279828856e+02,9.7980580940e-07,2.2728601511e-06,-1.6105684019e-10,-2.1600070315e-07,-2.2928113391e-09,-2.6811924312e-09,1.4804171056e-11,-5.4962986019e-10,3.6183442545e-10,-1.0887526882e-03,1.2612359551e+00
-8.4562500000e+01,-1.9438505468e-04,6.3885899236e-05,2.8279061483e+02,9.6087135790e-07,2.2350067766e-06,-1.5778451722e-10,-2.1262100011e-07,-2.2859135357e-09,-2.6369740594e-09,1.2261026928e-11,-5.2744280043e-10,3.2202820316e-10,-1.0887502789e-03,1.2668539326e+00
-8.4937500000e+01,-1.9175744423e-04,5.9973617569e-05,2.8278295612e+02,9.4254112454e-07,2.1957648486e-06,-1.5487635793e-10,-2.0913714155e-07,-2.2303388136e-09,-2.5418369865e-09,3.0819348089e-11,-5.1063892650e-10,2.7077839842e-10,-1.0887480383e-03,1.2724719101e+00
-8.5312500000e+01,-1.8884109824e-04,5.5552711761e-05,2.8277529582e+02,9.2772364968e-07,2.1600836975e-06,-1.5175176417e-10,-2.0558775771e-07,-2.1871519650e-09,-2.4685237305e-09,3.9951748013e-11,-4.9780508287e-10,2.2597873508e-10,-1.0887458596e-03,1.2780898876e+00
-8.5687500000e+01,-1.8547424684e-04,5.0710899848e-05,2.8276764440e+02,9.1555719642e-07,2.1276191137e-06,-1.4888680607e-10,-2.0212474379e-07,-2.1357934350e-09,-2.3823670754e-09,2.7803063163e-11,-4.8739349554e-10,1.7758267609e-10,-1.0887437311e-03,1.2837078652e+00
-8.6062500000e+01,-1.8140910278e-04,4.6047141440e-05,2.8276000657e+02,9.0269139417e-07,2.0989461408e-06,-1.4620679665e-10,-1.9863532242e-07,-2.0506026862e-09,-2.2156415181e-09,4.7160864250e-11,-4.7543449002e-10,1.2163851839e-10,-1.0887415949e-03,1.2893258427e+00
-8.6437500000e+01,-1.7651789030e-04,4.2885718795e-05,2.8275233198e+02,8.9066030871e-07,2.0743611066e-06,-1.4319263855e-10,-1.9519894242e-07,-2.0382030367e-09,-2.2123709819e-09,4.6258072234e-11,-4.6246557583e-10,6.8795840692e-11,-1.0887395767e-03,1.2949438202e+00
-8.6812500000e+01,-1.7230111681e-04,4.0820571068e-05,2.8274464202e+02,8.7876939563e-07,2.0548604365e-06,-1.4036047805e-10,-1.9184739152e-07,-1.9902004722e-09,-2.1359560973e-09,5.5575653690e-11,-4.5069445848e-10,2.0758923325e-11,-1.0887373870e-03,1.3005617978e+00
-8.7187500000e+01,-1.6808434916e-04,3.8281047485e-05,2.8273695566e+02,8.6611604687e-07,2.0361456879e-06,-1.3776001267e-10,-1.8858542192e-07,-1.9566282429e-09,-2.0883799429e-09,4.7542611802e-11,-4.3928035420e-10,-2.0970577907e-11,-1.0887352281e-03,1.3061797753e+00
-8.7562500000e+01,-1.6297768461e-04,3.6376407039e-05,2.8272928281e+02,8.5091027345e-07,2.0170289907e-06,-1.3511112069e-10,-1.8545285972e-07,-1.9543604541e-09,-2.1095075190e-09,2.7803371606e-11,-4.2836650963e-10,-2.6059580955e-11,-1.0887331309e-03,1.3117977528e+00
-8.7937500000e+01,-1.5787651293e-04,3.3244651493e-05,2.8272164686e+02,8.3539257093e-07,1.9933842089e-06,-1.3334007788e-10,-1.8244764812e-07,-1.9014574097e-09,-2.0613858870e-09,2.3103679236e-11,-4.1693975670e-10,-1.2534559695e-11,-1.0887308435e-03,1.3174157303e+00
-8.8312500000e+01,-1.5289856981e-04,2.9920849711e-05,2.8271400603e+02,8.1934477703e-07,1.9710939197e-06,-1.3091012349e-10,-1.7956141652e-07,-1.9325882438e-09,-2.1522354848e-09,-4.8153950009e-12,-4.0268385722e-10,8.9016046389e-12,-1.0887287750e-03,1.3230337079e+00
-8.8687500000e+01,-1.4797605583e-04,2.6723268285e-05,2.8270636086e+02,8.0159728477e-07,1.9437919562e-06,-1.2887299222e-10,-1.7688904698e-07,-1.9368713414e-09,-2.1623615043e-09,-2.3796687239e-11,-3.8406268454e-10,2.6619573652e-11,-1.0887267208e-03,1.3286516854e+00
-8.9062500000e+01,-1.4365934890e-04,2.4790373169e-05,2.8269873584e+02,7.8580514450e-07,1.9122421112e-06,-1.2715535134e-10,-1.7432678370e-07,-1.9419665601e-09,-2.1888040430e-09,-2.9339751392e-11,-3.6625604077e-10,5.1105338925e-11,-1.0887247089e-03,1.3342696629e+00
-8.9437500000e+01,-1.3925856105e-04,2.3473191463e-05,2.8269115059e+02,7.7066504494e-07,1.8792425343e-06,-1.2558514560e-10,-1.7184306413e-07,-1.9266277556e-09,-2.2319624846e-09,-3.6596809133e-11,-3.4406443454e-10,6.5063832071e-11,-1.0887227904e-03,1.3398876404e+00
-8.9812500000e+01,-1.3631979986e-04,2.1601767717e-05,2.8268358833e+02,7.5818929259e-07,1.8443062335e-06,-1.2411694797e-10,-1.6943150766e-07,-1.8510209550e-09,-2.1880181292e-09,-2.3922982506e-11,-3.2781299863e-10,6.1805289779e-11,-1.0887208770e-03,1.3455056180e+00
-9.0187500000e+01,-1.3416014225e-04,2.0418750560e-05,2.8267599744e+02,7.4831428250e-07,1.8125005601e-06,-1.2201043320e-10,-1.6712488777e-07,-1.8623481108e-09,-2.2501025837e-09,-3.4283039547e-11,-3.1585462233e-10,6.0849235837e-11,-1.0887191914e-03,1.3511235955e+00
-9.0562500000e+01,-1.3240085652e-04,1.9740237060e-05,2.8266841403e+02,7.4079807859e-07,1.7806343063e-06,-1.2027383515e-10,-1.6478811034e-07,-1.8400543733e-09,-2.2192646207e-09,-2.4404942496e-11,-3.0957083119e-10,5.4798178600e-11,-1.0887173596e-03,1.3567415730e+00
-9.0937500000e+01,-1.2987467775e-04,2.0063348470e-05,2.8266082535e+02,7.3412138974e-07,1.7491387038e-06,-1.1862938188e-10,-1.6245409489e-07,-1.8205728213e-09,-2.1890327123e-09,-1.3630183947e-11,-3.0251113682e-10,5.5351962129e-11,-1.0887156363e-03,1.3623595506e+00
-9.1312500000e+01,-1.2682314605e-04,2.0122904351e-05,2.8265324265e+02,7.2876467116e-07,1.7210917457e-06,-1.1716723480e-10,-1.6019453407e-07,-1.7945242820e-09,-2.1586094753e-09,-1.5797893952e-11,-2.9224881028e-10,6.4192711346e-11,-1.0887139836e-03,1.3679775281e+00
-9.1687500000e+01,-1.2391853307e-04,2.1847631116e-05,2.8264567418e+02,7.2397862043e-07,1.6966728570e-06,-1.1598457949e-10,-1.5796829835e-07,-1.7361090150e-09,-2.0585001687e-09,-1.7770149250e-12,-2.8143760336e-10,9.2963806157e-11,-1.0887121790e-03,1.3735955056e+00
-9.2062500000e+01,-1.2142198803e-04,2.2244440524e-05,2.8263809198e+02,7.2020776083e-07,1.6757263151e-06,-1.1437479131e-10,-1.5581900909e-07,-1.7452356354e-09,-2.0659682578e-09,2.8121390401e-12,-2.7286532421e-10,1.2168321891e-10,-1.0887104542e-03,1.3792134831e+00
-9.2437500000e+01,-1.1931099295e-04,2.2201703887e-05,2.8263050796e+02,7.1632686893e-07,1.6561793427e-06,-1.1285732798e-10,-1.5385259194e-07,-1.7008040885e-09,-1.9865280007e-09,1.5760740518e-11,-2.6698516579e-10,1.5180893950e-10,-1.0887085358e-03,1.3848314607e+00
-9.2812500000e+01,-1.1604072350e-04,2.2660277555e-05,2.8262290815e+02,7.1138063034e-07,1.6374287516e-06,-1.1129291946e-10,-1.5194377530e-07,-1.6689514133e-09,-1.9038649568e-09,3.3463800685e-11,-2.5948848704e-10,1.7822738575e-10,-1.0887065480e-03,1.3904494382e+00
-9.3187500000e+01,-1.1336253082e-04,2.2986887644e-05,2.8261531910e+02,7.0584902203e-07,1.6217035471e-06,-1.0989055627e-10,-1.5022103695e-07,-1.6373025819e-09,-1.8259074628e-09,5.6809348181e-11,-2.5272091552e-10,1.9793536366e-10,-1.0887046539e-03,1.3960674157e+00
-9.3562500000e+01,-1.1201055554e-04,2.2181540212e-05,2.8260777308e+02,6.9891305261e-07,1.6044264837e-06,-1.0876782269e-10,-1.4862743275e-07,-1.5762355317e-09,-1.7352350458e-09,7.2136140032e-11,-2.4905089138e-10,1.9275961928e-10,-1.0887029907e-03,1.4016853933e+00
-9.3937500000e+01,-1.1128982342e-04,2.0259736493e-05,2.8260022022e+02,6.9101405659e-07,1.5871739377e-06,-1.0709926231e-10,-1.4715832286e-07,-1.5941886088e-09,-1.7768005474e-09,7.0048245778e-11,-2.4685587863e-10,1.6781654835e-10,-1.0887016148e-03,1.4073033708e+00
-9.4312500000e+01,-1.1095355459e-04,1.9177865363e-05,2.8259267297e+02,6.8174892975e-07,1.5661734102e-06,-1.0576186927e-10,-1.4570090031e-07,-1.5760964380e-09,-1.7342054345e-09,6.0221777464e-11,-2.4538095774e-10,1.3813113478e-10,-1.0887003026e-03,1.4129213483e+00
-9.4687500000e+01,-1.1054699022e-04,1.6595700376e-05,2.8258510034e+02,6.7310414182e-07,1.5468448515e-06,-1.0413815047e-10,-1.4423622503e-07,-1.5542603863e-09,-1.7164092875e-09,5.5158435040e-11,-2.4239453383e-10,1.0226782010e-10,-1.0886990296e-03,1.4185393258e+00
-9.5062500000e+01,-1.1027442039e-04,1.4287468940e-05,2.8257752418e+02,6.6472644729e-07,1.5267008559e-06,-1.0267331643e-10,-1.4270199273e-07,-1.5411499953e-09,-1.6571887267e-09,5.3249873526e-11,-2.3657226790e-10,7.5003363294e-11,-1.0886978161e-03,1.4241573034e+00
-9.5437500000e+01,-1.1018464885e-04,1.1441940069e-05,2.8256998782e+02,6.5677644006e-07,1.5061162673e-06,-1.0190361415e-10,-1.4110819521e-07,-1.4796693438e-09,-1.5556309084e-09,5.7121094602e-11,-2.3214631767e-10,4.6605021017e-11,-1.0886965869e-03,1.4297752809e+00
-9.5812500000e+01,-1.1004295868e-04,9.1953495304e-06,2.8256242819e+02,6.4932023176e-07,1.4902624431e-06,-1.0039121512e-10,-1.3941239435e-07,-1.4924951781e-09,-1.5872527186e-09,4.3447723052e-11,-2.2505880665e-10,2.4472889623e-11,-1.0886955129e-03,1.4353932584e+00
-9.6187500000e+01,-1.0953153469e-04,7.0936120380e-06,2.8255486754e+02,6.4368326133e-07,1.4775061477e-06,-9.9076712380e-11,-1.3764725796e-07,-1.4553371503e-09,-1.5122249790e-09,4.4064193047e-11,-2.1859627047e-10,5.2715585392e-12,-1.0886942330e-03,1.4410112360e+00
-9.6562500000e+01,-1.0883984964e-04,6.1083504994e-06,2.8254731186e+02,6.4146940008e-07,1.4701662274e-06,-9.7655762473e-11,-1.3588547940e-07,-1.4088889205e-09,-1.4579141769e-09,4.0974498250e-11,-2.1359847575e-10,-1.4159384500e-11,-1.0886928259e-03,1.4466292135e+00
-9.6937500000e+01,-1.0821810711e-04,6.1412165303e-06,2.8253978817e+02,6.4000878439e-07,1.4661181866e-06,-9.6508135818e-11,-1.3410923989e-07,-1.4055410819e-09,-1.4549755335e-09,3.3582915902e-11,-2.1006477369e-10,-3.2294154156e-11,-1.0886914410e-03,1.4522471910e+00
-9.7312500000e+01,-1.0669462790e-04,6.7384624111e-06,2.8253228434e+02,6.3839255351e-07,1.4634373433e-06,-9.5340629286e-11,-1.3232476858e-07,-1.3580576764e-09,-1.3990824340e-09,3.3597580510e-11,-2.0522274062e-10,-4.6222103967e-11,-1.0886898357e-03,1.4578651685e+00
-9.7687500000e+01,-1.0432124112e-04,6.6018990183e-06,2.8252476201e+02,6.3738104667e-07,1.4614807078e-06,-9.3968317552e-11,-1.3066017657e-07,-1.3716124198e-09,-1.4468296649e-09,1.3205596091e-11,-1.9848819405e-10,-6.2489205213e-11,-1.0886883055e-03,1.4634831461e+00
-9.8062500000e+01,-1.0196405649e-04,6.1735917820e-06,2.8251721925e+02,6.3678753766e-07,1.4620142564e-06,-9.2877886820e-11,-1.2903776883e-07,-1.3627442530e-09,-1.4376214218e-09,1.5511997716e-11,-1.9277155358e-10,-7.2156637228e-11,-1.0886866441e-03,1.4691011236e+00
-9.8437500000e+01,-9.9305131058e-05,4.9768249667e-06,2.8250966710e+02,6.3488112738e-07,1.4605415250e-06,-9.1717040119e-11,-1.2743210785e-07,-1.3462773867e-09,-1.4261228545e-09,2.0559484500e-11,-1.8861956917e-10,-7.5758324671e-11,-1.0886849997e-03,1.4747191011e+00
-9.8812500000e+01,-9.7622314473e-05,4.1112719728e-06,2.8250213597e+02,6.3032363657e-07,1.4562254168e-06,-9.0743573219e-11,-1.2590479716e-07,-1.3109572065e-09,-1.3844260006e-09,2.1406287228e-11,-1.8720729745e-10,-6.8037989188e-11,-1.0886834567e-03,1.4803370787e+00
-9.9187500000e+01,-9.6506724387e-05,3.0339119155e-06,2.8249462163e+02,6.2471975927e-07,1.4490822652e-06,-8.9570823700e-11,-1.2445161010e-07,-1.2511086385e-09,-1.3343248711e-09,2.2924218493e-11,-1.8616911961e-10,-5.8939935202e-11,-1.0886818584e-03,1.4859550562e+00
-9.9562500000e+01,-9.4577377413e-05,1.4038835834e-06,2.8248707808e+02,6.1766188077e-07,1.4400092075e-06,-8.8153903624e-11,-1.2306168313e-07,-1.2807868457e-09,-1.3833125310e-09,7.4337810598e-12,-1.8230457555e-10,-5.6276743611e-11,-1.0886805738e-03,1.4915730337e+00
-9.9937500000e+01,-9.3714019815e-05,3.3888318987e-07,2.8247952662e+02,6.0930921546e-07,1.4264278593e-06,-8.7371765758e-11,-1.2165238357e-07,-1.2693155984e-09,-1.3826331219e-09,2.6607026362e-12,-1.8083185196e-10,-5.8677273932e-11,-1.0886793512e-03,1.4971910112e+00
-1.0031250000e+02,-9.2483862352e-05,2.4649617829e-07,2.8247196146e+02,5.9909783552e-07,1.4073678890e-06,-8.6524658051e-11,-1.2026466447e-07,-1.2557992994e-09,-1.3719798083e-09,2.5838754346e-12,-1.7822170258e-10,-7.1861397711e-11,-1.0886781782e-03,1.5028089888e+00
-1.0068750000e+02,-9.0596729185e-05,1.0700997389e-07,2.8246438911e+02,5.8923370927e-07,1.3867097433e-06,-8.5636791312e-11,-1.1891518142e-07,-1.2572870592e-09,-1.3675625201e-09,7.5282271861e-13,-1.7474838096e-10,-9.0410054319e-11,-1.0886771816e-03,1.5084269663e+00
-1.0106250000e+02,-8.9096038030e-05,2.5011947134e-07,2.8245684772e+02,5.8033244551e-07,1.3638260511e-06,-8.4982189247e-11,-1.1756911369e-07,-1.2042062367e-09,-1.3276399827e-09,1.7428432126e-11,-1.7279241819e-10,-1.1208172411e-10,-1.0886761357e-03,1.5140449438e+00
-1.0143750000e+02,-8.7931480735e-05,-1.4828623250e-07,2.8244928755e+02,5.7097358558e-07,1.3395953693e-06,-8.4027664865e-11,-1.1630335470e-07,-1.2255763091e-09,-1.3828410453e-09,1.3267575023e-11,-1.7119995249e-10,-1.1783233771e-10,-1.0886752660e-03,1.5196629213e+00
-1.0181250000e+02,-8.6486422417e-05,-6.9284108731e-07,2.8244174184e+02,5.6311579710e-07,1.3158377743e-06,-8.3503580848e-11,-1.1508075367e-07,-1.2307647041e-09,-1.3931495004e-09,4.5092580391e-12,-1.7021920447e-10,-1.1190532461e-10,-1.0886743383e-03,1.5252808989e+00
-1.0218750000e+02,-8.5626658623e-05,-2.8658273489e-06,2.8243420587e+02,5.5621724088e-07,1.2944247395e-06,-8.2810675309e-11,-1.1387798943e-07,-1.2405535412e-09,-1.3880688063e-09,-3.1060987443e-12,-1.6720674388e-10,-8.8870259158e-11,-1.0886734056e-03,1.5308988764e+00
-1.0256250000e+02,-8.4519017935e-05,-4.4989429836e-06,2.8242668485e+02,5.5121824047e-07,1.2754238601e-06,-8.2092649688e-11,-1.1268428882e-07,-1.2239384581e-09,-1.3485089518e-09,2.3882804827e-12,-1.6390257019e-10,-4.5273678829e-11,-1.0886724428e-03,1.5365168539e+00
-1.0293750000e+02,-8.4187015659e-05,-6.5558151090e-06,2.8241918695e+02,5.4847221203e-07,1.2577784479e-06,-8.1077032709e-11,-1.1148711034e-07,-1.1530265969e-09,-1.2500732546e-09,1.1783081972e-11,-1.6125376053e-10,-3.3549556114e-12,-1.0886713502e-03,1.5421348315e+00
-1.0331250000e+02,-8.3257981813e-05,-8.5356494570e-06,2.8241164508e+02,5.4887806668e-07,1.2416698896e-06,-7.9780025568e-11,-1.1030279421e-07,-1.1590526728e-09,-1.2758106692e-09,8.4142588895e-12,-1.5746490135e-10,2.5404401043e-11,-1.0886703466e-03,1.5477528090e+00
-1.0368750000e+02,-8.1806447105e-05,-8.9744352959e-06,2.8240409726e+02,5.5058383575e-07,1.2267524875e-06,-7.8918372456e-11,-1.0914337002e-07,-1.1417609465e-09,-1.2631927675e-09,5.7959025377e-12,-1.5117002622e-10,3.8165558700e-11,-1.0886693878e-03,1.5533707865e+00
-1.0406250000e+02,-8.0038769679e-05,-7.7246428160e-06,2.8239657258e+02,5.5365450404e-07,1.2111815559e-06,-7.8365079376e-11,-1.0799437008e-07,-1.1389073848e-09,-1.2386621394e-09,9.9685950553e-12,-1.4536971399e-10,2.8930357869e-11,-1.0886684678e-03,1.5589887640e+00
-1.0443750000e+02,-7.8331161425e-05,-7.2944123307e-06,2.8238904811e+02,5.5586275679e-07,1.1964044408e-06,-7.7387612794e-11,-1.0696890270e-07,-1.1338623101e-09,-1.2306882278e-09,9.1238612625e-12,-1.4268721069e-10,-4.4676586814e-12,-1.0886676769e-03,1.5646067416e+00
-1.0481250000e+02,-7.7416366558e-05,-7.5924841574e-06,2.8238156919e+02,5.5612710285e-07,1.1823072610e-06,-7.7061491077e-11,-1.0595850092e-07,-1.1017247543e-09,-1.1796656749e-09,9.0865471145e-12,-1.4334723509e-10,-4.8506237788e-11,-1.0886667489e-03,1.5702247191e+00
-1.0518750000e+02,-7.6285412276e-05,-8.0501566100e-06,2.8237405089e+02,5.5615850836e-07,1.1725628725e-06,-7.5956381900e-11,-1.0496392727e-07,-1.1114092216e-09,-1.1952013638e-09,-4.5473965066e-12,-1.4352274482e-10,-8.3307844339e-11,-1.0886657722e-03,1.5758426966e+00
-1.0556250000e+02,-7.4968750316e-05,-8.4159239043e-06,2.8236652321e+02,5.5296904419e-07,1.1665203314e-06,-7.5141322412e-11,-1.0406246621e-07,-1.0882637149e-09,-1.1561419284e-09,1.5320566305e-12,-1.4150288442e-10,-9.5953859399e-11,-1.0886647919e-03,1.5814606742e+00
-1.0593750000e+02,-7.5015546380e-05,-9.1577335318e-06,2.8235899592e+02,5.4878027184e-07,1.1623633968e-06,-7.4521902905e-11,-1.0319579772e-07,-1.0794683556e-09,-1.1203538841e-09,7.8816994283e-12,-1.3959606248e-10,-9.1284355785e-11,-1.0886638298e-03,1.5870786517e+00
-1.0631250000e+02,-7.5149264903e-05,-9.9363140719e-06,2.8235148579e+02,5.4283254775e-07,1.1618961896e-06,-7.3911613646e-11,-1.0233239910e-07,-1.0626966733e-09,-1.0802395655e-09,1.1848826794e-11,-1.3770772752e-10,-6.3404340924e-11,-1.0886627534e-03,1.5926966292e+00
-1.0668750000e+02,-7.6266095304e-05,-1.2523829565e-05,2.8234401473e+02,5.3779360444e-07,1.1638108010e-06,-7.3450556511e-11,-1.0142722205e-07,-1.0084845714e-09,-9.8614883251e-10,2.6366038900e-11,-1.3622736762e-10,-2.9169849240e-11,-1.0886615066e-03,1.5983146067e+00
-1.0706250000e+02,-7.6708246271e-05,-1.4585063914e-05,2.8233650010e+02,5.3303617158e-07,1.1685338899e-06,-7.2059088161e-11,-1.0048208255e-07,-1.0064017206e-09,-9.9487075376e-10,2.4919562954e-11,-1.3216151820e-10,-5.6865523383e-13,-1.0886603210e-03,1.6039325843e+00
-1.0743750000e+02,-7.6875249598e-05,-1.6183164824e-05,2.8232897654e+02,5.2969153668e-07,1.1746291666e-06,-7.1231425463e-11,-9.9417795671e-08,-9.8823974835e-10,-9.7826601284e-10,2.0840629842e-11,-1.2659006594e-10,1.0212283693e-11,-1.0886590508e-03,1.6095505618e+00
-1.0781250000e+02,-7.5941101901e-05,-1.4994093702e-05,2.8232145348e+02,5.2636329427e-07,1.1796217491e-06,-7.0442837551e-11,-9.8250307208e-08,-9.7622598315e-10,-9.7346119416e-10,2.0827919448e-11,-1.2059978513e-10,-1.1354063726e-12,-1.0886578010e-03,1.6151685393e+00
-1.0818750000e+02,-7.4317344684e-05,-1.2618972931e-05,2.8231394507e+02,5.2390026094e-07,1.1827780127e-06,-6.9779779746e-11,-9.7130036487e-08,-9.5767698621e-10,-9.6340030251e-10,2.6720849092e-11,-1.1600685969e-10,-3.3597188316e-11,-1.0886566112e-03,1.6207865169e+00
-1.0856250000e+02,-7.2098361074e-05,-9.4756596337e-06,2.8230644069e+02,5.2062907593e-07,1.1815907187e-06,-6.8922391684e-11,-9.6058567240e-08,-9.1791870191e-10,-9.1651452787e-10,3.4141713392e-11,-1.1164552663e-10,-7.4381221318e-11,-1.0886554807e-03,1.6264044944e+00
-1.0893750000e+02,-7.0414675310e-05,-7.2648987472e-06,2.8229892481e+02,5.1655946413e-07,1.1743227972e-06,-6.8210556694e-11,-9.5084726277e-08,-9.4551940588e-10,-9.7740777268e-10,1.9038522580e-11,-1.1210908701e-10,-1.1153039888e-10,-1.0886546835e-03,1.6320224719e+00
-1.0931250000e+02,-6.7841805397e-05,-6.1910733893e-06,2.8229142141e+02,5.1270845488e-07,1.1629124101e-06,-6.7796747216e-11,-9.4249556958e-08,-9.5596836583e-10,-9.9496138521e-10,1.2666441945e-11,-1.1033889212e-10,-1.3193538226e-10,-1.0886539448e-03,1.6376404494e+00
-1.0968750000e+02,-6.5408731215e-05,-6.0569437302e-06,2.8228390743e+02,5.0766819312e-07,1.1485098114e-06,-6.7066854507e-11,-9.3509583028e-08,-9.5334483371e-10,-9.9388318079e-10,1.0348517427e-11,-1.0730546412e-10,-1.3683270826e-10,-1.0886532757e-03,1.6432584270e+00
-1.1006250000e+02,-6.1834395528e-05,-6.5330195142e-06,2.8227640418e+02,5.0150014711e-07,1.1284767296e-06,-6.6677014363e-11,-9.2820716801e-08,-9.4282821727e-10,-9.8131214910e-10,1.6342455683e-11,-1.0079560454e-10,-1.2349424707e-10,-1.0886527525e-03,1.6488764045e+00
-1.1043750000e+02,-5.8912987019e-05,-7.6422614858e-06,2.8226892336e+02,4.9562074874e-07,1.1048064523e-06,-6.6208722664e-11,-9.2211009551e-08,-9.0471343306e-10,-9.3089714618e-10,2.3233847083e-11,-9.4769664161e-11,-9.7745870310e-11,-1.0886521547e-03,1.6544943820e+00
-1.1081250000e+02,-5.6936951270e-05,-1.0127151261e-05,2.8226141104e+02,4.9030599394e-07,1.0796409267e-06,-6.5364699042e-11,-9.1634549853e-08,-9.2435930876e-10,-9.8603949986e-10,1.5060327449e-11,-9.0375499138e-11,-7.5083567546e-11,-1.0886516197e-03,1.6601123596e+00
-1.1118750000e+02,-5.6230226705e-05,-1.2371949657e-05,2.8225389016e+02,4.8555924886e-07,1.0546130901e-06,-6.4983381115e-11,-9.1015598753e-08,-9.1498571005e-10,-9.7787652152e-10,1.7960673496e-11,-8.7646974265e-11,-5.6349568399e-11,-1.0886509567e-03,1.6657303371e+00
-1.1156250000e+02,-5.5557442932e-05,-1.4155565378e-05,2.8224636379e+02,4.8297929414e-07,1.0355661597e-06,-6.4392320285e-11,-9.0331595656e-08,-9.1021310225e-10,-9.6753944849e-10,1.8624319528e-11,-8.3593404572e-11,-5.2389245316e-11,-1.0886502460e-03,1.6713483146e+00
-1.1193750000e+02,-5.6696354449e-05,-1.5046735100e-05,2.8223884820e+02,4.8191284019e-07,1.0235392599e-06,-6.4116800977e-11,-8.9634281593e-08,-9.0696934954e-10,-9.6404572128e-10,1.8627012218e-11,-8.5843873244e-11,-5.5861529866e-11,-1.0886495594e-03,1.6769662921e+00
-1.1231250000e+02,-5.7999044724e-05,-1.4258536414e-05,2.8223135816e+02,4.8174729255e-07,1.0214371839e-06,-6.3747299500e-11,-8.8852590763e-08,-8.7478562827e-10,-9.2661766687e-10,1.8950078142e-11,-8.9542840238e-11,-6.6697630392e-11,-1.0886485650e-03,1.6825842697e+00
